profile,scenario,variant,path,encodedBodyBytes,startMs,endMs
desktop-en,home,A,/assets/css/styles.ecf8502c.css,432316,42,1477
desktop-en,home,A,/assets/js/runtime~main.9c61c8f1.js,27785,42,296
desktop-en,home,A,/img/logo.svg,39428,42,355
desktop-en,home,A,/assets/js/main.3e95d5d5.js,231647,42,1097
desktop-en,home,A,/assets/js/5471.fb124ec7.js,706,1538,1571
desktop-en,home,A,/img/logo.svg,39428,1542,1782
desktop-en,home,A,/assets/js/22972.a0a0ea8b.js,6810,1565,1641
desktop-en,home,A,/assets/js/26988.b22c7d24.js,2711,1565,1614
desktop-en,home,A,/assets/js/1df93b7f.71358cbc.js,4382,1566,1634
desktop-en,home,A,/assets/js/a7456010.95edc207.js,165,1566,1607
desktop-en,home,A,/assets/fonts/inter-latin-700-normal-1104236696a5d2d1f236f40aa0c491d1.woff2,24314,1578,1883
desktop-en,home,A,/assets/fonts/inter-latin-500-normal-b7c27c60f848f2083f45be25012ce41d.woff2,24253,1585,1889
desktop-en,home,A,/assets/fonts/inter-latin-400-normal-eca1e21531598d5db58f56b3ba23a8cc.woff2,23667,1591,1878
desktop-en,home,A,/assets/fonts/inter-latin-600-normal-69a8d1d484967aba2389ef57577b76be.woff2,24443,1620,1895
desktop-en,home,A,/assets/js/a7456010.95edc207.js,165,1707,1832
desktop-en,home,A,/assets/js/5e95c892.a0cebb3b.js,270,1709,1907
desktop-en,home,A,/assets/js/aba21aa0.97e29771.js,164,1710,1918
desktop-en,home,A,/assets/js/a7bd4aaa.148231b3.js,394,1710,1922
desktop-en,home,A,/assets/js/0058b4c6.1ee43fcf.js,32327,1710,2252
desktop-en,home,A,/assets/js/a94703ab.23f5948f.js,570,1710,1938
desktop-en,home,A,/assets/js/88a1aa13.257f413b.js,4553,1711,2003
desktop-en,home,A,/assets/js/594d4304.8a595816.js,10746,1717,2089
desktop-en,home,A,/assets/js/63fb9b7a.bfbfd421.js,4174,1720,2238
desktop-en,home,A,/assets/js/1df93b7f.71358cbc.js,4382,1720,2315
desktop-en,home,A,/assets/js/36994c47.f8d8d8e4.js,165,1721,2290
desktop-en,home,A,/assets/js/814f3328.286ebf8d.js,149,1721,2327
desktop-en,home,A,/assets/js/b60887f9.e5a25ebe.js,1636,1721,2367
desktop-en,home,A,/assets/js/4513f2cf.e5389188.js,1217,1721,2364
desktop-en,home,A,/assets/js/d5563711.93b913e7.js,1761,1721,2415
desktop-en,home,A,/assets/js/ce087704.41cdfc3f.js,2001,1721,2424
desktop-en,home,A,/assets/js/c4b0d5c3.1ed3fc9e.js,1632,1721,2466
desktop-en,home,A,/assets/js/b691f94e.1f443e05.js,1621,1722,2478
desktop-en,home,A,/assets/js/01f9c14d.01911a79.js,1590,1722,2518
desktop-en,home,A,/assets/js/9f7ba680.a390da03.js,1801,1722,2532
desktop-en,home,A,/assets/js/2edfd140.e454e4a5.js,1688,1722,2567
desktop-en,home,A,/assets/js/78504075.f24a1f1d.js,1689,1722,2584
desktop-en,home,A,/assets/js/60a93ab7.5338d79a.js,1673,1722,2616
desktop-en,home,A,/assets/js/0a7db8a8.de82b8c3.js,1642,1722,2636
desktop-en,home,A,/assets/js/c012f30e.89759311.js,1584,1722,2664
desktop-en,home,A,/assets/js/b3f1d1fd.1e28e0c0.js,1754,1722,2687
desktop-en,home,A,/assets/js/318622b1.2b3ce640.js,1634,1722,2716
desktop-en,home,A,/assets/js/6e4b00f9.311948e7.js,1545,1723,2739
desktop-en,home,A,/assets/js/0a03e093.d097d1f9.js,1564,1723,2767
desktop-en,home,A,/assets/js/fd67be4e.d10497c6.js,1662,1723,2790
desktop-en,home,A,/assets/js/97954ebd.c1dde9f2.js,1674,1723,2819
desktop-en,home,A,/assets/js/30a6f881.79aefbe1.js,1705,1723,2842
desktop-en,home,A,/assets/js/90c48350.171c6a13.js,1667,1723,2870
desktop-en,home,A,/assets/js/1fdc07c7.703831ca.js,1657,1723,2893
desktop-en,home,A,/assets/js/f214ad1d.e63850e7.js,1773,1723,2922
desktop-en,home,A,/assets/js/0d7c09f5.c2ad6e6d.js,1645,1723,2945
desktop-en,home,A,/assets/js/c6eb9c55.12b5b325.js,1612,1723,2974
desktop-en,home,A,/assets/js/1368dfea.ee0f1a39.js,1562,1723,2996
desktop-en,home,A,/assets/js/8f447190.5771d6f4.js,1586,1724,3025
desktop-en,home,A,/assets/js/a493501a.bd5a3017.js,1688,1724,3048
desktop-en,home,A,/assets/js/0a304243.2a0799f2.js,1626,1724,3077
desktop-en,home,A,/assets/js/192f6b8b.cd81ea5d.js,1606,1724,3100
desktop-en,home,A,/assets/js/77251510.2b1bb3b4.js,1676,1724,3128
desktop-en,home,A,/assets/js/3465b717.cddffe9d.js,1633,1724,3150
desktop-en,home,A,/assets/js/1ec54888.a753e6c6.js,1618,1724,3176
desktop-en,home,A,/assets/js/aac3c7bb.7f3b1a49.js,1724,1725,3188
desktop-en,home,A,/assets/js/2bb8de9a.29658c38.js,1670,1725,3199
desktop-en,home,A,/assets/js/58e3a219.cdcf64a2.js,1591,1725,3225
desktop-en,home,A,/assets/js/7f8d7c69.1ea11eac.js,1541,1725,3239
desktop-en,home,A,/assets/js/2483ec1c.656ae2e7.js,1683,1725,3251
desktop-en,home,A,/assets/js/d3ffb731.e50db185.js,1753,1725,3271
desktop-en,home,A,/assets/js/74606f37.aa1f3801.js,1800,1725,3288
desktop-en,home,A,/assets/js/ed7c8481.1a7332d4.js,1646,1725,3299
desktop-en,home,A,/assets/js/f62a7ea7.ec9b859b.js,1613,1725,3317
desktop-en,home,A,/assets/js/b41e6c7a.edab07b2.js,1529,1726,3337
desktop-en,home,A,/assets/js/f8ad7ab2.c135b64a.js,1559,1726,3348
desktop-en,home,A,/assets/js/c0e590af.cd561d92.js,1504,1726,3363
desktop-en,home,A,/assets/js/695747ea.2a5c0146.js,1561,1726,3385
desktop-en,home,A,/assets/js/6b5a9dfa.38290dc7.js,1579,1726,3397
desktop-en,home,A,/assets/js/588cd219.cbe045ab.js,1485,1726,3411
desktop-en,home,A,/assets/js/f0a0efe1.3e71d5a7.js,1994,1726,3433
desktop-en,home,A,/assets/js/39486e90.45fc604c.js,1674,1726,3448
desktop-en,home,A,/assets/js/6c5b8922.c9259889.js,1630,1726,3459
desktop-en,home,A,/assets/js/bd1ee143.c0e328d9.js,2060,1726,3480
desktop-en,home,A,/assets/js/f5c4b852.eb7cc2d2.js,1643,1726,3497
desktop-en,home,A,/img/logo.svg,39428,1786,2246
desktop-en,home,A,/assets/js/1142.7aeffaad.js,111452,1945,3139
desktop-en,home,A,/assets/js/56506.f5b1edbc.js,107,1945,2127
desktop-en,home,A,/assets/js/56552.0c921019.js,107,1945,2167
desktop-en,home,A,/img/favicon.ico,0,3196,3201
desktop-en,home,B,/assets/css/styles.077ce73f.css,62945,43,431
desktop-en,home,B,/assets/js/runtime~main.39eb9b4f.js,24806,46,282
desktop-en,home,B,/img/logo.svg,22395,46,271
desktop-en,home,B,/assets/js/main.b9ab6163.js,232484,46,994
desktop-en,home,B,/img/logo.svg,22395,449,783
desktop-en,home,B,/assets/fonts/inter-latin-700-normal-1104236696a5d2d1f236f40aa0c491d1.woff2,24314,456,794
desktop-en,home,B,/assets/fonts/inter-latin-500-normal-b7c27c60f848f2083f45be25012ce41d.woff2,24253,463,797
desktop-en,home,B,/assets/fonts/inter-latin-400-normal-eca1e21531598d5db58f56b3ba23a8cc.woff2,23667,469,785
desktop-en,home,B,/assets/fonts/inter-latin-600-normal-69a8d1d484967aba2389ef57577b76be.woff2,24443,481,800
desktop-en,home,B,/assets/js/5471.fb124ec7.js,706,1042,1070
desktop-en,home,B,/assets/js/22972.a0a0ea8b.js,6810,1067,1127
desktop-en,home,B,/assets/js/26988.b22c7d24.js,2711,1067,1109
desktop-en,home,B,/assets/js/1df93b7f.71358cbc.js,4382,1067,1124
desktop-en,home,B,/assets/js/a7456010.95edc207.js,165,1068,1104
desktop-en,home,B,/img/favicon.ico,0,1147,1150
desktop-en,home,B,/assets/js/0cf477ba.1b96f38c.js,4218,1179,1323
desktop-en,home,B,/assets/js/a7456010.95edc207.js,165,1179,1303
desktop-en,home,B,/assets/js/1f391b9e.4eb753b0.js,2442,1181,1318
desktop-en,home,B,/assets/js/f22fea79.026f2975.js,4708,1181,1332
desktop-en,home,B,/assets/js/5e95c892.a0cebb3b.js,270,1183,1309
desktop-en,home,B,/assets/js/aba21aa0.97e29771.js,164,1183,1312
desktop-en,home,B,/assets/js/a7bd4aaa.148231b3.js,394,1183,1339
desktop-en,home,B,/assets/js/0058b4c6.1ee43fcf.js,32327,1184,1607
desktop-en,home,B,/assets/js/a94703ab.23f5948f.js,570,1184,1348
desktop-en,home,B,/assets/js/17896441.08b4ae60.js,18384,1184,1523
desktop-en,home,B,/assets/js/88a1aa13.257f413b.js,4553,1185,1413
desktop-en,home,B,/assets/js/1df93b7f.71358cbc.js,4382,1186,1424
desktop-en,home,B,/assets/js/63fb9b7a.bfbfd421.js,4174,1190,1418
desktop-en,home,B,/assets/js/a6aa9e1f.fac7cffb.js,8530,1191,1558
desktop-en,home,B,/assets/js/36994c47.f8d8d8e4.js,165,1191,1496
desktop-en,home,B,/assets/js/814f3328.286ebf8d.js,149,1191,1536
desktop-en,home,B,/assets/js/b60887f9.e5a25ebe.js,1636,1191,1567
desktop-en,home,B,/assets/js/4513f2cf.e5389188.js,1217,1191,1555
desktop-en,home,B,/assets/js/d5563711.d45f0a6c.js,1496,1192,1578
desktop-en,home,B,/assets/js/ce087704.41cdfc3f.js,2001,1192,1598
desktop-en,home,B,/assets/js/c4b0d5c3.1ed3fc9e.js,1632,1192,1603
desktop-en,home,B,/assets/js/b691f94e.237c76b9.js,1365,1192,1615
desktop-en,home,B,/assets/js/01f9c14d.01911a79.js,1590,1192,1621
desktop-en,home,B,/assets/js/9f7ba680.1498a91a.js,1540,1192,1635
desktop-en,home,B,/assets/js/2edfd140.83618690.js,1428,1193,1643
desktop-en,home,B,/assets/js/78504075.f24a1f1d.js,1689,1193,1650
desktop-en,home,B,/assets/js/60a93ab7.6e31e64b.js,1408,1193,1658
desktop-en,home,B,/assets/js/0a7db8a8.c963f12a.js,1380,1193,1664
desktop-en,home,B,/assets/js/c012f30e.e4058a3d.js,1328,1193,1675
desktop-en,home,B,/assets/js/b3f1d1fd.1e28e0c0.js,1754,1194,1684
desktop-en,home,B,/assets/js/318622b1.2b3ce640.js,1634,1194,1693
desktop-en,home,B,/assets/js/6e4b00f9.ddb5270d.js,1289,1194,1701
desktop-en,home,B,/assets/js/0a03e093.50c9eb95.js,1306,1194,1704
desktop-en,home,B,/assets/js/fd67be4e.d10497c6.js,1662,1194,1715
desktop-en,home,B,/assets/js/97954ebd.b7edc7e5.js,1414,1195,1724
desktop-en,home,B,/assets/js/30a6f881.f5ced6cc.js,1443,1195,1730
desktop-en,home,B,/assets/js/90c48350.87bc6505.js,1407,1195,1741
desktop-en,home,B,/assets/js/1fdc07c7.cbb8d3dd.js,1398,1195,1744
desktop-en,home,B,/assets/js/f214ad1d.e63850e7.js,1773,1196,1755
desktop-en,home,B,/assets/js/0d7c09f5.5e9df328.js,1386,1196,1764
desktop-en,home,B,/assets/js/c6eb9c55.5d60b542.js,1357,1196,1770
desktop-en,home,B,/assets/js/1368dfea.206cf3a3.js,1305,1196,1782
desktop-en,home,B,/assets/js/8f447190.5771d6f4.js,1586,1196,1784
desktop-en,home,B,/assets/js/a493501a.ca8f1a13.js,1429,1196,1795
desktop-en,home,B,/assets/js/0a304243.3a51ec54.js,1371,1197,1804
desktop-en,home,B,/assets/js/192f6b8b.48a7fc54.js,1352,1197,1810
desktop-en,home,B,/assets/js/77251510.ad63e832.js,1417,1197,1822
desktop-en,home,B,/assets/js/3465b717.7f3e4444.js,1374,1197,1827
desktop-en,home,B,/assets/js/1ec54888.a753e6c6.js,1618,1198,1832
desktop-en,home,B,/assets/js/aac3c7bb.9f58401e.js,1465,1198,1844
desktop-en,home,B,/assets/js/2bb8de9a.29658c38.js,1670,1198,1850
desktop-en,home,B,/assets/js/58e3a219.cdcf64a2.js,1591,1199,1864
desktop-en,home,B,/assets/js/7f8d7c69.1ea11eac.js,1541,1199,1871
desktop-en,home,B,/assets/js/2483ec1c.3f2fdee5.js,1419,1199,1872
desktop-en,home,B,/assets/js/d3ffb731.e50db185.js,1753,1199,1884
desktop-en,home,B,/assets/js/74606f37.aa1f3801.js,1800,1199,1890
desktop-en,home,B,/assets/js/ed7c8481.aedcac6f.js,1387,1200,1901
desktop-en,home,B,/assets/js/f62a7ea7.5deb3893.js,1357,1200,1910
desktop-en,home,B,/assets/js/b41e6c7a.5853e8e8.js,1280,1200,1912
desktop-en,home,B,/assets/js/f8ad7ab2.9975ddf6.js,1303,1200,1924
desktop-en,home,B,/assets/js/c0e590af.cd561d92.js,1504,1200,1930
desktop-en,home,B,/assets/js/695747ea.4952a501.js,1313,1200,1945
desktop-en,home,B,/assets/js/6b5a9dfa.cb737247.js,1325,1201,1950
desktop-en,home,B,/assets/js/588cd219.3fd746d9.js,1231,1201,1941
desktop-en,home,B,/assets/js/f0a0efe1.3e71d5a7.js,1994,1201,1962
desktop-en,home,B,/assets/js/39486e90.16622a5a.js,1413,1201,1967
desktop-en,home,B,/assets/js/6c5b8922.ffd383c8.js,1376,1201,1978
desktop-en,home,B,/assets/js/bd1ee143.c0e328d9.js,2060,1202,1988
desktop-en,home,B,/assets/js/f5c4b852.e598de58.js,1383,1202,1990
desktop-en,home,B,/assets/js/0a1c4072.09918145.js,1414,1202,2001
desktop-en,home,B,/assets/js/3a95fd66.4f360b28.js,1392,1202,2007
desktop-en,home,B,/assets/js/23e688d6.f31b3c9b.js,1534,1202,2021
desktop-en,home,B,/assets/js/f229f748.0611b12a.js,1349,1203,2027
desktop-en,home,B,/assets/js/b9170d19.77fec172.js,1906,1203,2030
desktop-en,home,B,/assets/js/e5df0adf.27cbc7d4.js,1592,1203,2041
desktop-en,home,B,/assets/js/966f0cca.01fdd047.js,1439,1203,2047
desktop-en,home,B,/assets/js/0c2b2562.d28b5732.js,1626,1203,2059
desktop-en,home,B,/assets/js/e8269fec.5430fb87.js,1636,1203,2067
desktop-en,home,B,/assets/js/6fafa77e.d827e920.js,1538,1204,2073
desktop-en,home,B,/assets/js/0ba205e1.8cac8210.js,1372,1204,2081
desktop-en,home,B,/assets/js/11a6e447.35c83dc4.js,1630,1204,2088
desktop-en,home,B,/assets/js/6f2afc85.7795a550.js,2587,1204,2099
desktop-en,home,B,/assets/js/edfbb242.1f6e6547.js,1721,1204,2108
desktop-en,home,B,/assets/js/c988a85e.74a5aa63.js,1388,1205,2116
desktop-en,home,B,/assets/js/b68518de.99bb4c72.js,1287,1205,2124
desktop-en,home,B,/assets/js/987db844.8e0be6da.js,1447,1205,2128
desktop-en,home,B,/assets/js/7a582b15.fce7597b.js,1670,1205,2138
desktop-en,home,B,/assets/js/2691968b.0504f940.js,1524,1205,2148
desktop-en,home,B,/assets/js/045d9d18.549dc688.js,1543,1205,2153
desktop-en,home,B,/assets/js/ed3a165e.cb31723f.js,1272,1206,2165
desktop-en,home,B,/assets/js/655d2cc1.1c685880.js,1289,1206,2168
desktop-en,home,B,/assets/js/f2c79a6e.311a7591.js,1402,1206,2179
desktop-en,home,B,/assets/js/affdbf97.a9b85e82.js,1329,1206,2188
desktop-en,home,B,/assets/js/467dcc91.9baee43d.js,1316,1206,2194
desktop-en,home,B,/assets/js/3ef5e2e7.fcc2fc99.js,1603,1207,2204
desktop-en,home,B,/assets/js/8398d371.a49c8708.js,1307,1207,2207
desktop-en,home,B,/assets/js/966d7901.d6804046.js,1335,1207,2216
desktop-en,home,B,/assets/js/ac0b0420.b7012b72.js,1385,1207,2219
desktop-en,home,B,/assets/js/7c6bb6a5.fc0da3e0.js,1332,1207,2225
desktop-en,home,B,/assets/js/3dd0c199.5ee005ce.js,1244,1207,2228
desktop-en,home,B,/assets/js/c2937a9d.39ba703e.js,1322,1208,2236
desktop-en,home,B,/assets/js/b7f7d26a.879ca0c2.js,1394,1208,2238
desktop-en,home,B,/assets/js/22b55f44.192efad9.js,1352,1208,2247
desktop-en,home,B,/assets/js/fe785eb3.6e5c38a4.js,1569,1208,2250
desktop-en,home,B,/assets/js/0b84458c.9a29f8ee.js,1378,1209,2258
desktop-en,home,B,/assets/js/c16cc89a.5d444b89.js,1267,1209,2267
desktop-en,home,B,/assets/js/cb6fa29b.7243c560.js,1351,1209,2270
desktop-en,home,B,/assets/js/2bb30232.0945b21c.js,1266,1209,2274
desktop-en,home,B,/assets/js/f61adf7a.ba24c23b.js,1342,1209,2282
desktop-en,home,B,/assets/js/d75e0885.f3f2441f.js,1236,1210,2280
desktop-en,home,B,/assets/js/b16b89bc.8c5f0582.js,1302,1210,2288
desktop-en,home,B,/assets/js/e10df803.3523876f.js,1277,1210,2294
desktop-en,home,B,/assets/js/8a8c04f1.b049d39d.js,1302,1210,2301
desktop-en,home,B,/assets/js/98aa3b14.454af12a.js,1291,1210,2304
desktop-en,home,B,/assets/js/78fcb039.e1b4cdbf.js,1296,1210,2313
desktop-en,home,B,/assets/js/10e1d188.faf9dd46.js,1237,1211,2311
desktop-en,home,B,/assets/js/8d789909.e67386b3.js,1266,1211,2322
desktop-en,home,B,/assets/js/50f95c55.82c19ede.js,1468,1211,2324
desktop-en,home,B,/assets/js/f43d9d49.29b94bc7.js,1474,1211,2333
desktop-en,home,B,/assets/js/43a8d774.96b5fe4f.js,1286,1212,2336
desktop-en,home,B,/assets/js/7b25f8c6.3fe83a6a.js,1298,1212,2345
desktop-en,home,B,/assets/js/9f988edf.afab7cf7.js,1613,1212,2348
desktop-en,home,B,/assets/js/bc639700.b5fe98bf.js,1276,1212,2356
desktop-en,home,B,/assets/js/31a7ce28.4c9c7026.js,1254,1212,2353
desktop-en,home,B,/assets/js/4d362dc9.0a2cf1be.js,1336,1212,2365
desktop-en,home,B,/assets/js/998f750d.f5fdfb7f.js,1316,1213,2367
desktop-en,home,B,/assets/js/03b6516c.e1513292.js,1241,1213,2371
desktop-en,home,B,/assets/js/2abf232f.8ba7ce81.js,1373,1213,2376
desktop-en,home,B,/assets/js/db5ef009.c9224033.js,1418,1213,2385
desktop-en,home,B,/assets/js/1e3f9552.7a0e0c29.js,1290,1213,2387
desktop-en,home,B,/assets/js/58cc6580.1084f96f.js,1558,1213,2396
desktop-en,home,B,/assets/js/9a8c4f9e.d7f36bdd.js,1387,1214,2402
desktop-en,home,B,/assets/js/5aac87be.f698efcb.js,1306,1214,2408
desktop-en,home,B,/assets/js/19d07ec2.15aa2480.js,1311,1214,2411
desktop-en,home,B,/assets/js/f6a35985.132307ca.js,1264,1214,2419
desktop-en,home,B,/assets/js/6f85f1ad.60e494a7.js,1291,1214,2424
desktop-en,home,B,/assets/js/06d0b49b.c2fe5429.js,1239,1215,2423
desktop-en,home,B,/assets/js/8c11af3e.fdce8df4.js,1256,1215,2428
desktop-en,home,B,/assets/js/056d4c08.f5227c37.js,1334,1215,2433
desktop-en,home,B,/assets/js/be23560f.88e5a81e.js,1376,1215,2439
desktop-en,home,B,/assets/js/0c8b6c4b.0e777017.js,1356,1215,2444
desktop-en,home,B,/assets/js/95109c98.2fa6a317.js,1372,1215,2453
desktop-en,home,B,/assets/js/b2e9a461.ea970613.js,1427,1216,2459
desktop-en,home,B,/assets/js/5e4675fa.ea9f8f65.js,1310,1216,2465
desktop-en,home,B,/assets/js/3488eb7b.1f492f7e.js,1358,1216,2471
desktop-en,home,B,/assets/js/4e83aca2.166bac99.js,1376,1216,2477
desktop-en,home,B,/assets/js/b0b4ec7d.0fd115d3.js,1206,1216,2474
desktop-en,home,B,/assets/js/897ab908.73715f11.js,1364,1216,2485
desktop-en,home,B,/assets/js/c62197ec.63ebca32.js,1297,1217,2488
desktop-en,home,B,/assets/js/df9119bb.51eddbe7.js,1258,1217,2493
desktop-en,home,B,/assets/js/0f48f00c.65867ba0.js,2114,1217,2502
desktop-en,home,B,/assets/js/9ddbd9d0.448b3729.js,1364,1217,2508
desktop-en,home,B,/assets/js/0740f902.b0324252.js,1335,1217,2511
desktop-en,home,B,/assets/js/d2cfe8d9.71092d6f.js,1248,1218,2514
desktop-en,home,B,/assets/js/9b223487.757ecd94.js,1194,1218,2516
desktop-en,home,B,/assets/js/73eb2f99.15f0e03c.js,1301,1218,2522
desktop-en,home,B,/assets/js/bf0fb1d5.e70d9f5f.js,1297,1218,2528
desktop-en,home,B,/assets/js/186342f8.ec7692fc.js,1282,1219,2534
desktop-en,home,B,/assets/js/0d5e7a04.01302680.js,1279,1219,2545
desktop-en,home,B,/assets/js/1067966e.6fa9b162.js,1739,1219,2548
desktop-en,home,B,/assets/js/3f0e8ad9.a8123e14.js,1357,1219,2551
desktop-en,home,B,/assets/js/7e6c2622.4475b58d.js,1317,1219,2562
desktop-en,home,B,/assets/js/97e6fc44.b80d39af.js,1335,1220,2565
desktop-en,home,B,/assets/js/aded9f52.b2d2911e.js,1378,1220,2568
desktop-en,home,B,/assets/js/bb3dfddb.ed515293.js,1375,1220,2576
desktop-en,home,B,/assets/js/6b7ca204.3e180d85.js,1332,1220,2582
desktop-en,home,B,/assets/js/d4562f76.18389c55.js,1496,1220,2585
desktop-en,home,B,/assets/js/4b970ea1.611b2d77.js,1409,1220,2594
desktop-en,home,B,/assets/js/ae46f6e7.014f9739.js,1277,1221,2599
desktop-en,home,B,/assets/js/c35dbcd9.811c9d6a.js,1276,1221,2604
desktop-en,home,B,/assets/js/ebfa4c7e.ac93ccc4.js,1305,1221,2611
desktop-en,home,B,/assets/js/8e6f6dbf.d0e22678.js,1413,1221,2616
desktop-en,home,B,/assets/js/f17b6b44.77dbd8b9.js,1428,1221,2619
desktop-en,home,B,/assets/js/d5317537.af140591.js,1580,1222,2628
desktop-en,home,B,/assets/js/be3a94bc.bf9f64f5.js,1391,1222,2634
desktop-en,home,B,/assets/js/d916f95c.9cf8f8a8.js,1622,1222,2637
desktop-en,home,B,/assets/js/8ad1daeb.f874a2b0.js,1539,1222,2648
desktop-en,home,B,/assets/js/f2c12d88.e296647e.js,1366,1222,2651
desktop-en,home,B,/assets/js/7e79c49a.317477af.js,1319,1222,2654
desktop-en,home,B,/assets/js/41df52d9.ec53fd6a.js,1276,1223,2662
desktop-en,home,B,/assets/js/55c6d50b.a74a11ae.js,1292,1223,2668
desktop-en,home,B,/assets/js/b42abfab.28c79e53.js,1313,1223,2671
desktop-en,home,B,/assets/js/8854639a.2a132c71.js,1328,1223,2679
desktop-en,home,B,/assets/js/2626ded7.5795fbb5.js,1378,1223,2686
desktop-en,home,B,/assets/js/381ee3ae.e63e50fc.js,1426,1223,2688
desktop-en,home,B,/assets/js/aa634c0a.ad1a8887.js,1232,1224,2692
desktop-en,home,B,/assets/js/8f1e6d33.ad577042.js,1389,1224,2699
desktop-en,home,B,/assets/js/8cb5d721.6abcd09f.js,1324,1224,2702
desktop-en,home,B,/assets/js/c7b964fc.01ff2c75.js,1446,1224,2708
desktop-en,home,B,/assets/js/208a8bb3.3ccca449.js,1258,1224,2717
desktop-en,home,B,/assets/js/bfa71dc8.02a830ac.js,1258,1224,2722
desktop-en,home,B,/assets/js/c15d9823.7a8eeee1.js,217,1225,2720
desktop-en,home,B,/assets/js/e6cd77b4.bcbac92e.js,3582,1226,2739
desktop-en,home,B,/assets/js/4df1f19a.d6078cca.js,6369,1226,2774
desktop-en,home,B,/assets/js/b0c1de41.8c6a6a1b.js,20267,1227,2871
desktop-en,home,B,/assets/js/48ebc4e4.8fd532fc.js,5441,1228,2794
desktop-en,home,B,/assets/js/594d4304.8a595816.js,10746,1233,2845
desktop-en,home,B,/assets/js/5ea6b45c.86bd8411.js,13762,1234,2865
desktop-en,home,B,/assets/js/b6cfc9b9.1d0b758b.js,11423,1235,2860
desktop-en,home,B,/img/logo.svg,22395,1281,1521
desktop-en,home,B,/assets/js/1142.7aeffaad.js,111452,1390,2202
desktop-en,home,B,/assets/js/56506.f5b1edbc.js,107,1390,1453
desktop-en,home,B,/assets/js/56552.0c921019.js,107,1390,1458
desktop-en,logic,A,/assets/css/styles.ecf8502c.css,432316,49,1493
desktop-en,logic,A,/assets/js/runtime~main.9c61c8f1.js,27785,49,306
desktop-en,logic,A,/img/logo.svg,39428,49,375
desktop-en,logic,A,/assets/js/main.3e95d5d5.js,231647,49,1110
desktop-en,logic,A,/assets/fonts/KaTeX_Math-Italic-6d3d25f4820d0da8f01fa3d2c7cbb8c2.woff2,16468,1532,1868
desktop-en,logic,A,/assets/fonts/KaTeX_Main-Regular-f650f111a3b890d116f1ba740b7e3de3.woff2,26300,1533,1982
desktop-en,logic,A,/assets/fonts/KaTeX_AMS-Regular-73ea273a72f4aca30ca528cf9117470a.woff2,28104,1534,1991
desktop-en,logic,A,/assets/fonts/inter-latin-700-normal-1104236696a5d2d1f236f40aa0c491d1.woff2,24314,1540,1978
desktop-en,logic,A,/assets/fonts/inter-latin-500-normal-b7c27c60f848f2083f45be25012ce41d.woff2,24253,1545,1979
desktop-en,logic,A,/assets/fonts/inter-latin-400-normal-eca1e21531598d5db58f56b3ba23a8cc.woff2,23667,1550,1965
desktop-en,logic,A,/assets/fonts/inter-latin-600-normal-69a8d1d484967aba2389ef57577b76be.woff2,24443,1575,2097
desktop-en,logic,A,/assets/js/5471.fb124ec7.js,706,1719,1995
desktop-en,logic,A,/assets/js/5e95c892.a0cebb3b.js,270,1741,2003
desktop-en,logic,A,/assets/js/aba21aa0.97e29771.js,164,1741,2006
desktop-en,logic,A,/assets/js/a7bd4aaa.148231b3.js,394,1743,2011
desktop-en,logic,A,/assets/js/0058b4c6.1ee43fcf.js,32327,1744,2240
desktop-en,logic,A,/assets/js/22972.a0a0ea8b.js,6810,1744,2074
desktop-en,logic,A,/assets/js/57884.d776a900.js,3782,1744,2066
desktop-en,logic,A,/assets/js/a94703ab.23f5948f.js,570,1745,2040
desktop-en,logic,A,/assets/js/93345.12e2b84c.js,67432,1745,2395
desktop-en,logic,A,/assets/js/91029.fa6692c9.js,2735,1745,2089
desktop-en,logic,A,/assets/js/17896441.e0556537.js,555457,1746,3336
desktop-en,logic,A,/assets/js/f4aa1a31.b945235c.js,6857,1746,2155
desktop-en,logic,A,/img/favicon.ico,0,3378,3379
desktop-en,logic,A,/assets/js/381.1ad44c4c.js,2787,3438,3473
desktop-en,logic,A,/assets/js/5e95c892.a0cebb3b.js,270,3483,3645
desktop-en,logic,A,/assets/js/aba21aa0.97e29771.js,164,3483,3647
desktop-en,logic,A,/assets/js/a7bd4aaa.148231b3.js,394,3483,3649
desktop-en,logic,A,/assets/js/0058b4c6.1ee43fcf.js,32327,3483,3943
desktop-en,logic,A,/assets/js/a94703ab.23f5948f.js,570,3484,3654
desktop-en,logic,A,/assets/js/86018bb3.e718fb95.js,2154,3487,3687
desktop-en,logic,A,/assets/js/63fb9b7a.bfbfd421.js,4174,3489,3710
desktop-en,logic,A,/assets/js/9a4982ea.1f855872.js,2388,3492,3699
desktop-en,logic,A,/assets/js/74fd49bc.b1e6c112.js,27206,3494,3962
desktop-en,logic,A,/assets/js/4d3a398a.12625e16.js,20329,3496,3922
desktop-en,logic,A,/assets/js/bd59fe8c.fee5a00a.js,2942,3499,3768
desktop-en,logic,A,/assets/js/9f30915f.769b12ec.js,7253,3501,3814
desktop-en,logic,A,/assets/js/a7456010.95edc207.js,165,3502,3956
desktop-en,logic,A,/assets/js/f22fea79.026f2975.js,4708,3502,4019
desktop-en,logic,A,/assets/js/48ebc4e4.8b1390d9.js,5439,3502,4040
desktop-en,logic,A,/assets/js/594d4304.8a595816.js,10746,3506,4113
desktop-en,logic,A,/assets/js/5ea6b45c.57b66f23.js,13759,3506,4199
desktop-en,logic,A,/assets/js/9af693e9.241c02e4.js,47325,3510,4568
desktop-en,logic,A,/assets/js/14eb3368.9bbe3ca8.js,3879,3513,4185
desktop-en,logic,A,/assets/js/0e5ce2f8.be53cef3.js,351,3514,4220
desktop-en,logic,A,/assets/js/1df93b7f.71358cbc.js,4382,3515,4282
desktop-en,logic,A,/assets/js/430bb3bc.a26444e7.js,3253,3517,4291
desktop-en,logic,A,/assets/js/88a1aa13.257f413b.js,4553,3519,4368
desktop-en,logic,A,/assets/js/4df1f19a.122afd69.js,6369,3519,4394
desktop-en,logic,A,/assets/js/dc4957c6.0c5af620.js,3233,3522,4437
desktop-en,logic,A,/assets/js/ef2fb0b9.82272a5d.js,17616,3524,4608
desktop-en,logic,A,/assets/js/d500a2b7.df9bb42f.js,5056,3525,4526
desktop-en,logic,A,/assets/js/0cf477ba.c6cc77de.js,4218,3526,4637
desktop-en,logic,A,/assets/js/cc6516cc.0e846791.js,2293,3529,4657
desktop-en,logic,A,/assets/js/14f6f289.1852716c.js,16016,3531,4840
desktop-en,logic,A,/assets/js/36994c47.f8d8d8e4.js,165,3531,4878
desktop-en,logic,A,/assets/js/814f3328.286ebf8d.js,149,3532,4916
desktop-en,logic,A,/assets/js/b60887f9.e5a25ebe.js,1636,3532,4969
desktop-en,logic,A,/assets/js/4513f2cf.e5389188.js,1217,3532,5002
desktop-en,logic,A,/assets/js/d5563711.93b913e7.js,1761,3532,5024
desktop-en,logic,A,/assets/js/ce087704.41cdfc3f.js,2001,3532,5052
desktop-en,logic,A,/assets/js/c4b0d5c3.1ed3fc9e.js,1632,3532,5076
desktop-en,logic,A,/assets/js/b691f94e.1f443e05.js,1621,3532,5106
desktop-en,logic,A,/assets/js/01f9c14d.01911a79.js,1590,3533,5127
desktop-en,logic,A,/assets/js/9f7ba680.a390da03.js,1801,3533,5155
desktop-en,logic,A,/assets/js/2edfd140.e454e4a5.js,1688,3533,5178
desktop-en,logic,A,/assets/js/78504075.f24a1f1d.js,1689,3533,5207
desktop-en,logic,A,/assets/js/60a93ab7.5338d79a.js,1673,3533,5230
desktop-en,logic,A,/assets/js/0a7db8a8.de82b8c3.js,1642,3533,5258
desktop-en,logic,A,/assets/js/1142.7aeffaad.js,111452,3723,4967
desktop-en,logic,A,/assets/js/56506.f5b1edbc.js,107,3724,3852
desktop-en,logic,A,/assets/js/56552.0c921019.js,107,3724,3889
desktop-en,logic,B,/assets/css/styles.077ce73f.css,62945,35,412
desktop-en,logic,B,/img/logo.svg,22395,35,252
desktop-en,logic,B,/assets/js/runtime~main.39eb9b4f.js,24806,35,269
desktop-en,logic,B,/assets/js/main.b9ab6163.js,232484,35,1076
desktop-en,logic,B,/assets/fonts/KaTeX_Math-Italic-6d3d25f4820d0da8f01fa3d2c7cbb8c2.woff2,16468,461,810
desktop-en,logic,B,/assets/fonts/KaTeX_Main-Regular-f650f111a3b890d116f1ba740b7e3de3.woff2,26300,461,910
desktop-en,logic,B,/assets/fonts/KaTeX_AMS-Regular-73ea273a72f4aca30ca528cf9117470a.woff2,28104,462,922
desktop-en,logic,B,/assets/fonts/inter-latin-700-normal-1104236696a5d2d1f236f40aa0c491d1.woff2,24314,469,901
desktop-en,logic,B,/assets/fonts/inter-latin-500-normal-b7c27c60f848f2083f45be25012ce41d.woff2,24253,476,904
desktop-en,logic,B,/assets/fonts/inter-latin-400-normal-eca1e21531598d5db58f56b3ba23a8cc.woff2,23667,482,1010
desktop-en,logic,B,/assets/fonts/inter-latin-600-normal-69a8d1d484967aba2389ef57577b76be.woff2,24443,506,1050
desktop-en,logic,B,/assets/js/5471.fb124ec7.js,706,1122,1150
desktop-en,logic,B,/assets/js/5e95c892.a0cebb3b.js,270,1144,1180
desktop-en,logic,B,/assets/js/aba21aa0.97e29771.js,164,1144,1182
desktop-en,logic,B,/assets/js/a7bd4aaa.148231b3.js,394,1145,1185
desktop-en,logic,B,/assets/js/0058b4c6.1ee43fcf.js,32327,1145,1411
desktop-en,logic,B,/assets/js/22972.a0a0ea8b.js,6810,1145,1237
desktop-en,logic,B,/assets/js/57884.d776a900.js,3782,1146,1213
desktop-en,logic,B,/assets/js/a94703ab.23f5948f.js,570,1146,1211
desktop-en,logic,B,/assets/js/71015.01197591.js,56729,1146,1465
desktop-en,logic,B,/assets/js/96438.2dab9359.js,10685,1147,1322
desktop-en,logic,B,/assets/js/16605.13c38af0.js,2871,1147,1276
desktop-en,logic,B,/assets/js/17896441.08b4ae60.js,18384,1147,1388
desktop-en,logic,B,/assets/js/f4aa1a31.b945235c.js,6857,1148,1333
desktop-en,logic,B,/img/favicon.ico,0,1501,1502
desktop-en,logic,B,/assets/js/381.1ad44c4c.js,2787,1565,1599
desktop-en,logic,B,/assets/js/a6aa9e1f.fac7cffb.js,8530,1575,1748
desktop-en,logic,B,/assets/js/36994c47.f8d8d8e4.js,165,1575,1721
desktop-en,logic,B,/assets/js/814f3328.286ebf8d.js,149,1576,1725
desktop-en,logic,B,/assets/js/b60887f9.e5a25ebe.js,1636,1577,1734
desktop-en,logic,B,/assets/js/4513f2cf.e5389188.js,1217,1577,1729
desktop-en,logic,B,/assets/js/d5563711.d45f0a6c.js,1496,1577,1743
desktop-en,logic,B,/assets/js/ce087704.41cdfc3f.js,2001,1577,1759
desktop-en,logic,B,/assets/js/c4b0d5c3.1ed3fc9e.js,1632,1578,1763
desktop-en,logic,B,/assets/js/b691f94e.237c76b9.js,1365,1578,1766
desktop-en,logic,B,/assets/js/01f9c14d.01911a79.js,1590,1579,1776
desktop-en,logic,B,/assets/js/9f7ba680.1498a91a.js,1540,1579,1780
desktop-en,logic,B,/assets/js/2edfd140.83618690.js,1428,1579,1783
desktop-en,logic,B,/assets/js/78504075.f24a1f1d.js,1689,1579,1794
desktop-en,logic,B,/assets/js/60a93ab7.6e31e64b.js,1408,1580,1797
desktop-en,logic,B,/assets/js/0a7db8a8.c963f12a.js,1380,1580,1800
desktop-en,logic,B,/assets/js/c012f30e.e4058a3d.js,1328,1580,1808
desktop-en,logic,B,/assets/js/b3f1d1fd.1e28e0c0.js,1754,1580,1814
desktop-en,logic,B,/assets/js/318622b1.2b3ce640.js,1634,1581,1817
desktop-en,logic,B,/assets/js/6e4b00f9.ddb5270d.js,1289,1581,1828
desktop-en,logic,B,/assets/js/0a03e093.50c9eb95.js,1306,1581,1831
desktop-en,logic,B,/assets/js/fd67be4e.d10497c6.js,1662,1582,1834
desktop-en,logic,B,/assets/js/97954ebd.b7edc7e5.js,1414,1582,1846
desktop-en,logic,B,/assets/js/30a6f881.f5ced6cc.js,1443,1582,1851
desktop-en,logic,B,/assets/js/90c48350.87bc6505.js,1407,1582,1854
desktop-en,logic,B,/assets/js/1fdc07c7.cbb8d3dd.js,1398,1583,1866
desktop-en,logic,B,/assets/js/f214ad1d.e63850e7.js,1773,1583,1868
desktop-en,logic,B,/assets/js/0d7c09f5.5e9df328.js,1386,1583,1871
desktop-en,logic,B,/assets/js/c6eb9c55.5d60b542.js,1357,1584,1883
desktop-en,logic,B,/assets/js/1368dfea.206cf3a3.js,1305,1584,1885
desktop-en,logic,B,/assets/js/8f447190.5771d6f4.js,1586,1584,1889
desktop-en,logic,B,/assets/js/a493501a.ca8f1a13.js,1429,1586,1897
desktop-en,logic,B,/assets/js/0a304243.3a51ec54.js,1371,1586,1903
desktop-en,logic,B,/assets/js/192f6b8b.48a7fc54.js,1352,1586,1905
desktop-en,logic,B,/assets/js/77251510.ad63e832.js,1417,1587,1931
desktop-en,logic,B,/assets/js/3465b717.7f3e4444.js,1374,1587,1940
desktop-en,logic,B,/assets/js/1ec54888.a753e6c6.js,1618,1587,1949
desktop-en,logic,B,/assets/js/aac3c7bb.9f58401e.js,1465,1587,1954
desktop-en,logic,B,/assets/js/2bb8de9a.29658c38.js,1670,1588,1961
desktop-en,logic,B,/assets/js/58e3a219.cdcf64a2.js,1591,1588,1972
desktop-en,logic,B,/assets/js/7f8d7c69.1ea11eac.js,1541,1588,1977
desktop-en,logic,B,/assets/js/2483ec1c.3f2fdee5.js,1419,1588,1989
desktop-en,logic,B,/assets/js/d3ffb731.e50db185.js,1753,1589,1997
desktop-en,logic,B,/assets/js/74606f37.aa1f3801.js,1800,1589,2000
desktop-en,logic,B,/assets/js/ed7c8481.aedcac6f.js,1387,1589,2011
desktop-en,logic,B,/assets/js/f62a7ea7.5deb3893.js,1357,1589,2017
desktop-en,logic,B,/assets/js/b41e6c7a.5853e8e8.js,1280,1590,2028
desktop-en,logic,B,/assets/js/f8ad7ab2.9975ddf6.js,1303,1590,2037
desktop-en,logic,B,/assets/js/c0e590af.cd561d92.js,1504,1590,2040
desktop-en,logic,B,/assets/js/695747ea.4952a501.js,1313,1590,2051
desktop-en,logic,B,/assets/js/6b5a9dfa.cb737247.js,1325,1591,2057
desktop-en,logic,B,/assets/js/588cd219.3fd746d9.js,1231,1591,2061
desktop-en,logic,B,/assets/js/f0a0efe1.3e71d5a7.js,1994,1591,2074
desktop-en,logic,B,/assets/js/39486e90.16622a5a.js,1413,1591,2077
desktop-en,logic,B,/assets/js/6c5b8922.ffd383c8.js,1376,1591,2095
desktop-en,logic,B,/assets/js/bd1ee143.c0e328d9.js,2060,1592,2098
desktop-en,logic,B,/assets/js/f5c4b852.e598de58.js,1383,1592,2103
desktop-en,logic,B,/assets/js/0a1c4072.09918145.js,1414,1592,2115
desktop-en,logic,B,/assets/js/3a95fd66.4f360b28.js,1392,1592,2118
desktop-en,logic,B,/assets/js/23e688d6.f31b3c9b.js,1534,1592,2135
desktop-en,logic,B,/assets/js/f229f748.0611b12a.js,1349,1593,2137
desktop-en,logic,B,/assets/js/b9170d19.77fec172.js,1906,1593,2144
desktop-en,logic,B,/assets/js/e5df0adf.27cbc7d4.js,1592,1593,2155
desktop-en,logic,B,/assets/js/966f0cca.01fdd047.js,1439,1593,2158
desktop-en,logic,B,/assets/js/0c2b2562.d28b5732.js,1626,1594,2172
desktop-en,logic,B,/assets/js/e8269fec.5430fb87.js,1636,1594,2178
desktop-en,logic,B,/assets/js/6fafa77e.d827e920.js,1538,1594,2186
desktop-en,logic,B,/assets/js/0ba205e1.8cac8210.js,1372,1594,2194
desktop-en,logic,B,/assets/js/11a6e447.35c83dc4.js,1630,1594,2198
desktop-en,logic,B,/assets/js/6f2afc85.7795a550.js,2587,1594,2212
desktop-en,logic,B,/assets/js/edfbb242.1f6e6547.js,1721,1595,2215
desktop-en,logic,B,/assets/js/c988a85e.74a5aa63.js,1388,1595,2226
desktop-en,logic,B,/assets/js/b68518de.99bb4c72.js,1287,1595,2235
desktop-en,logic,B,/assets/js/987db844.8e0be6da.js,1447,1595,2237
desktop-en,logic,B,/assets/js/7a582b15.fce7597b.js,1670,1596,2252
desktop-en,logic,B,/assets/js/2691968b.0504f940.js,1524,1596,2255
desktop-en,logic,B,/assets/js/045d9d18.549dc688.js,1543,1596,2266
desktop-en,logic,B,/assets/js/ed3a165e.cb31723f.js,1272,1597,2274
desktop-en,logic,B,/assets/js/655d2cc1.1c685880.js,1289,1597,2278
desktop-en,logic,B,/assets/js/f2c79a6e.311a7591.js,1402,1597,2292
desktop-en,logic,B,/assets/js/affdbf97.a9b85e82.js,1329,1597,2295
desktop-en,logic,B,/assets/js/467dcc91.9baee43d.js,1316,1598,2306
desktop-en,logic,B,/assets/js/3ef5e2e7.fcc2fc99.js,1603,1598,2315
desktop-en,logic,B,/assets/js/8398d371.a49c8708.js,1307,1598,2317
desktop-en,logic,B,/assets/js/966d7901.d6804046.js,1335,1598,2332
desktop-en,logic,B,/assets/js/ac0b0420.b7012b72.js,1385,1599,2338
desktop-en,logic,B,/assets/js/7c6bb6a5.fc0da3e0.js,1332,1599,2343
desktop-en,logic,B,/assets/js/3dd0c199.5ee005ce.js,1244,1599,2347
desktop-en,logic,B,/assets/js/c2937a9d.39ba703e.js,1322,1599,2355
desktop-en,logic,B,/assets/js/b7f7d26a.879ca0c2.js,1394,1599,2370
desktop-en,logic,B,/assets/js/22b55f44.192efad9.js,1352,1600,2378
desktop-en,logic,B,/assets/js/fe785eb3.6e5c38a4.js,1569,1600,2386
desktop-en,logic,B,/assets/js/0b84458c.9a29f8ee.js,1378,1600,2392
desktop-en,logic,B,/assets/js/c16cc89a.5d444b89.js,1267,1600,2397
desktop-en,logic,B,/assets/js/cb6fa29b.7243c560.js,1351,1600,2409
desktop-en,logic,B,/assets/js/2bb30232.0945b21c.js,1266,1600,2415
desktop-en,logic,B,/assets/js/f61adf7a.ba24c23b.js,1342,1600,2429
desktop-en,logic,B,/assets/js/d75e0885.f3f2441f.js,1236,1601,2424
desktop-en,logic,B,/assets/js/b16b89bc.8c5f0582.js,1302,1601,2435
desktop-en,logic,B,/assets/js/e10df803.3523876f.js,1277,1601,2446
desktop-en,logic,B,/assets/js/8a8c04f1.b049d39d.js,1302,1601,2452
desktop-en,logic,B,/assets/js/98aa3b14.454af12a.js,1291,1602,2464
desktop-en,logic,B,/assets/js/78fcb039.e1b4cdbf.js,1296,1602,2469
desktop-en,logic,B,/assets/js/10e1d188.faf9dd46.js,1237,1602,2466
desktop-en,logic,B,/assets/js/8d789909.e67386b3.js,1266,1602,2483
desktop-en,logic,B,/assets/js/50f95c55.82c19ede.js,1468,1602,2489
desktop-en,logic,B,/assets/js/f43d9d49.29b94bc7.js,1474,1603,2503
desktop-en,logic,B,/assets/js/43a8d774.96b5fe4f.js,1286,1603,2510
desktop-en,logic,B,/assets/js/7b25f8c6.3fe83a6a.js,1298,1603,2512
desktop-en,logic,B,/assets/js/9f988edf.afab7cf7.js,1613,1603,2524
desktop-en,logic,B,/assets/js/bc639700.b5fe98bf.js,1276,1604,2529
desktop-en,logic,B,/assets/js/31a7ce28.4c9c7026.js,1254,1604,2533
desktop-en,logic,B,/assets/js/4d362dc9.0a2cf1be.js,1336,1604,2547
desktop-en,logic,B,/assets/js/998f750d.f5fdfb7f.js,1316,1604,2550
desktop-en,logic,B,/assets/js/03b6516c.e1513292.js,1241,1604,2556
desktop-en,logic,B,/assets/js/2abf232f.8ba7ce81.js,1373,1605,2566
desktop-en,logic,B,/assets/js/db5ef009.c9224033.js,1418,1605,2572
desktop-en,logic,B,/assets/js/1e3f9552.7a0e0c29.js,1290,1605,2583
desktop-en,logic,B,/assets/js/58cc6580.1084f96f.js,1558,1605,2592
desktop-en,logic,B,/assets/js/9a8c4f9e.d7f36bdd.js,1387,1605,2598
desktop-en,logic,B,/assets/js/5aac87be.f698efcb.js,1306,1605,2606
desktop-en,logic,B,/assets/js/19d07ec2.15aa2480.js,1311,1605,2616
desktop-en,logic,B,/assets/js/f6a35985.132307ca.js,1264,1606,2618
desktop-en,logic,B,/assets/js/6f85f1ad.60e494a7.js,1291,1606,2627
desktop-en,logic,B,/assets/js/06d0b49b.c2fe5429.js,1239,1606,2624
desktop-en,logic,B,/assets/js/8c11af3e.fdce8df4.js,1256,1606,2630
desktop-en,logic,B,/assets/js/056d4c08.f5227c37.js,1334,1606,2635
desktop-en,logic,B,/assets/js/be23560f.88e5a81e.js,1376,1607,2644
desktop-en,logic,B,/assets/js/0c8b6c4b.0e777017.js,1356,1607,2646
desktop-en,logic,B,/assets/js/95109c98.2fa6a317.js,1372,1607,2655
desktop-en,logic,B,/assets/js/b2e9a461.ea970613.js,1427,1607,2663
desktop-en,logic,B,/assets/js/5e4675fa.ea9f8f65.js,1310,1607,2666
desktop-en,logic,B,/assets/js/3488eb7b.1f492f7e.js,1358,1608,2673
desktop-en,logic,B,/assets/js/4e83aca2.166bac99.js,1376,1608,2678
desktop-en,logic,B,/assets/js/b0b4ec7d.0fd115d3.js,1206,1608,2675
desktop-en,logic,B,/assets/js/897ab908.73715f11.js,1364,1608,2683
desktop-en,logic,B,/assets/js/c62197ec.63ebca32.js,1297,1609,2690
desktop-en,logic,B,/assets/js/df9119bb.51eddbe7.js,1258,1609,2695
desktop-en,logic,B,/assets/js/0f48f00c.65867ba0.js,2114,1609,2707
desktop-en,logic,B,/assets/js/9ddbd9d0.448b3729.js,1364,1609,2711
desktop-en,logic,B,/assets/js/0740f902.b0324252.js,1335,1610,2716
desktop-en,logic,B,/assets/js/d2cfe8d9.71092d6f.js,1248,1610,2713
desktop-en,logic,B,/assets/js/9b223487.757ecd94.js,1194,1610,2719
desktop-en,logic,B,/assets/js/73eb2f99.15f0e03c.js,1301,1610,2724
desktop-en,logic,B,/assets/js/bf0fb1d5.e70d9f5f.js,1297,1611,2738
desktop-en,logic,B,/assets/js/186342f8.ec7692fc.js,1282,1611,2744
desktop-en,logic,B,/assets/js/0d5e7a04.01302680.js,1279,1611,2752
desktop-en,logic,B,/assets/js/1067966e.6fa9b162.js,1739,1611,2758
desktop-en,logic,B,/assets/js/3f0e8ad9.a8123e14.js,1357,1611,2762
desktop-en,logic,B,/assets/js/7e6c2622.4475b58d.js,1317,1611,2764
desktop-en,logic,B,/assets/js/97e6fc44.b80d39af.js,1335,1611,2772
desktop-en,logic,B,/assets/js/aded9f52.b2d2911e.js,1378,1612,2775
desktop-en,logic,B,/assets/js/bb3dfddb.ed515293.js,1375,1612,2784
desktop-en,logic,B,/assets/js/6b7ca204.3e180d85.js,1332,1612,2787
desktop-en,logic,B,/assets/js/d4562f76.18389c55.js,1496,1613,2796
desktop-en,logic,B,/assets/js/4b970ea1.611b2d77.js,1409,1613,2802
desktop-en,logic,B,/assets/js/ae46f6e7.014f9739.js,1277,1613,2807
desktop-en,logic,B,/assets/js/c35dbcd9.811c9d6a.js,1276,1614,2809
desktop-en,logic,B,/assets/js/ebfa4c7e.ac93ccc4.js,1305,1614,2818
desktop-en,logic,B,/assets/js/8e6f6dbf.d0e22678.js,1413,1614,2821
desktop-en,logic,B,/assets/js/f17b6b44.77dbd8b9.js,1428,1614,2830
desktop-en,logic,B,/assets/js/d5317537.af140591.js,1580,1615,2832
desktop-en,logic,B,/assets/js/be3a94bc.bf9f64f5.js,1391,1615,2841
desktop-en,logic,B,/assets/js/d916f95c.9cf8f8a8.js,1622,1615,2844
desktop-en,logic,B,/assets/js/8ad1daeb.f874a2b0.js,1539,1615,2853
desktop-en,logic,B,/assets/js/f2c12d88.e296647e.js,1366,1616,2855
desktop-en,logic,B,/assets/js/7e79c49a.317477af.js,1319,1616,2864
desktop-en,logic,B,/assets/js/41df52d9.ec53fd6a.js,1276,1616,2867
desktop-en,logic,B,/assets/js/55c6d50b.a74a11ae.js,1292,1616,2875
desktop-en,logic,B,/assets/js/b42abfab.28c79e53.js,1313,1617,2878
desktop-en,logic,B,/assets/js/8854639a.2a132c71.js,1328,1617,2887
desktop-en,logic,B,/assets/js/2626ded7.5795fbb5.js,1378,1617,2892
desktop-en,logic,B,/assets/js/381ee3ae.e63e50fc.js,1426,1617,2899
desktop-en,logic,B,/assets/js/aa634c0a.ad1a8887.js,1232,1618,2897
desktop-en,logic,B,/assets/js/8f1e6d33.ad577042.js,1389,1618,2907
desktop-en,logic,B,/assets/js/8cb5d721.6abcd09f.js,1324,1619,2910
desktop-en,logic,B,/assets/js/1142.7aeffaad.js,111452,1871,2610
desktop-en,logic,B,/assets/js/56506.f5b1edbc.js,107,1871,1912
desktop-en,logic,B,/assets/js/56552.0c921019.js,107,1872,1918
desktop-en,ui,A,/assets/js/runtime~main.9c61c8f1.js,27785,37,299
desktop-en,ui,A,/assets/css/styles.ecf8502c.css,432316,37,1486
desktop-en,ui,A,/assets/js/main.3e95d5d5.js,231647,37,1102
desktop-en,ui,A,/img/logo.svg,39428,38,368
desktop-en,ui,A,/assets/js/5471.fb124ec7.js,706,1586,1622
desktop-en,ui,A,/assets/js/5e95c892.a0cebb3b.js,270,1625,1661
desktop-en,ui,A,/assets/js/aba21aa0.97e29771.js,164,1628,1664
desktop-en,ui,A,/assets/js/a7bd4aaa.148231b3.js,394,1629,1668
desktop-en,ui,A,/assets/js/0058b4c6.1ee43fcf.js,32327,1630,1978
desktop-en,ui,A,/assets/js/22972.a0a0ea8b.js,6810,1630,1718
desktop-en,ui,A,/assets/js/57884.d776a900.js,3782,1631,1693
desktop-en,ui,A,/assets/js/a94703ab.23f5948f.js,570,1631,1696
desktop-en,ui,A,/assets/js/93345.12e2b84c.js,67432,1632,2224
desktop-en,ui,A,/assets/js/91029.fa6692c9.js,2735,1632,1715
desktop-en,ui,A,/assets/js/17896441.e0556537.js,555457,1633,3169
desktop-en,ui,A,/assets/js/16018.d1192016.js,4192,1633,1755
desktop-en,ui,A,/assets/js/c3fe327e.a6ebbcb9.js,2855,1634,1778
desktop-en,ui,A,/assets/fonts/inter-latin-700-normal-1104236696a5d2d1f236f40aa0c491d1.woff2,24314,1641,2030
desktop-en,ui,A,/assets/fonts/inter-latin-500-normal-b7c27c60f848f2083f45be25012ce41d.woff2,24253,1646,2056
desktop-en,ui,A,/assets/fonts/inter-latin-400-normal-eca1e21531598d5db58f56b3ba23a8cc.woff2,23667,1652,2064
desktop-en,ui,A,/assets/fonts/inter-latin-600-normal-69a8d1d484967aba2389ef57577b76be.woff2,24443,1677,2175
desktop-en,ui,A,/img/favicon.ico,0,3237,3239
desktop-en,ui,A,/assets/js/78783.ddaaf996.js,2375,3308,3338
desktop-en,ui,A,/assets/js/e6cd77b4.f48f0b1a.js,3582,3314,3431
desktop-en,ui,A,/assets/js/a7456010.95edc207.js,165,3314,3418
desktop-en,ui,A,/assets/js/f22fea79.026f2975.js,4708,3320,3455
desktop-en,ui,A,/assets/js/5e95c892.a0cebb3b.js,270,3322,3429
desktop-en,ui,A,/assets/js/aba21aa0.97e29771.js,164,3322,3459
desktop-en,ui,A,/assets/js/a7bd4aaa.148231b3.js,394,3322,3464
desktop-en,ui,A,/assets/js/0058b4c6.1ee43fcf.js,32327,3323,3801
desktop-en,ui,A,/assets/js/a94703ab.23f5948f.js,570,3323,3487
desktop-en,ui,A,/assets/js/594d4304.8a595816.js,10746,3326,3617
desktop-en,ui,A,/assets/js/36994c47.f8d8d8e4.js,165,3327,3913
desktop-en,ui,A,/assets/js/814f3328.286ebf8d.js,149,3328,3950
desktop-en,ui,A,/assets/js/b60887f9.e5a25ebe.js,1636,3329,4004
desktop-en,ui,A,/assets/js/4513f2cf.e5389188.js,1217,3331,4041
desktop-en,ui,A,/assets/js/d5563711.93b913e7.js,1761,3332,4096
desktop-en,ui,A,/assets/js/ce087704.41cdfc3f.js,2001,3332,4150
desktop-en,ui,A,/assets/js/c4b0d5c3.1ed3fc9e.js,1632,3333,4204
desktop-en,ui,A,/assets/js/b691f94e.1f443e05.js,1621,3333,4259
desktop-en,ui,A,/assets/js/01f9c14d.01911a79.js,1590,3333,4313
desktop-en,ui,A,/assets/js/9f7ba680.a390da03.js,1801,3334,4367
desktop-en,ui,A,/assets/js/2edfd140.e454e4a5.js,1688,3334,4422
desktop-en,ui,A,/assets/js/78504075.f24a1f1d.js,1689,3334,4477
desktop-en,ui,A,/assets/js/60a93ab7.5338d79a.js,1673,3335,4533
desktop-en,ui,A,/assets/js/0a7db8a8.de82b8c3.js,1642,3336,4591
desktop-en,ui,A,/assets/js/c012f30e.89759311.js,1584,3337,4645
desktop-en,ui,A,/assets/js/b3f1d1fd.1e28e0c0.js,1754,3337,4699
desktop-en,ui,A,/assets/js/318622b1.2b3ce640.js,1634,3337,4753
desktop-en,ui,A,/assets/js/6e4b00f9.311948e7.js,1545,3337,4808
desktop-en,ui,A,/assets/js/0a03e093.d097d1f9.js,1564,3337,4860
desktop-en,ui,A,/assets/js/fd67be4e.d10497c6.js,1662,3338,4888
desktop-en,ui,A,/assets/js/97954ebd.c1dde9f2.js,1674,3338,4913
desktop-en,ui,A,/assets/js/30a6f881.79aefbe1.js,1705,3338,4940
desktop-en,ui,A,/assets/js/90c48350.171c6a13.js,1667,3338,4965
desktop-en,ui,A,/assets/js/1fdc07c7.703831ca.js,1657,3339,4991
desktop-en,ui,A,/assets/js/f214ad1d.e63850e7.js,1773,3339,5017
desktop-en,ui,A,/assets/js/0d7c09f5.c2ad6e6d.js,1645,3339,5045
desktop-en,ui,A,/assets/js/c6eb9c55.12b5b325.js,1612,3339,5068
desktop-en,ui,A,/assets/js/1368dfea.ee0f1a39.js,1562,3340,5096
desktop-en,ui,A,/assets/js/8f447190.5771d6f4.js,1586,3340,5120
desktop-en,ui,A,/assets/js/a493501a.bd5a3017.js,1688,3340,5148
desktop-en,ui,A,/assets/js/0a304243.2a0799f2.js,1626,3340,5171
desktop-en,ui,A,/assets/js/192f6b8b.cd81ea5d.js,1606,3340,5200
desktop-en,ui,A,/assets/js/77251510.2b1bb3b4.js,1676,3340,5223
desktop-en,ui,A,/assets/js/3465b717.cddffe9d.js,1633,3341,5251
desktop-en,ui,A,/assets/js/1ec54888.a753e6c6.js,1618,3341,5274
desktop-en,ui,A,/assets/js/aac3c7bb.7f3b1a49.js,1724,3341,5303
desktop-en,ui,A,/assets/js/2bb8de9a.29658c38.js,1670,3341,5326
desktop-en,ui,A,/assets/js/58e3a219.cdcf64a2.js,1591,3341,5355
desktop-en,ui,A,/assets/js/7f8d7c69.1ea11eac.js,1541,3342,5377
desktop-en,ui,A,/assets/js/2483ec1c.656ae2e7.js,1683,3342,5406
desktop-en,ui,A,/assets/js/d3ffb731.e50db185.js,1753,3342,5428
desktop-en,ui,A,/assets/js/74606f37.aa1f3801.js,1800,3342,5458
desktop-en,ui,A,/assets/js/ed7c8481.1a7332d4.js,1646,3343,5481
desktop-en,ui,A,/assets/js/f62a7ea7.ec9b859b.js,1613,3343,5509
desktop-en,ui,A,/assets/js/b41e6c7a.edab07b2.js,1529,3343,5532
desktop-en,ui,A,/assets/js/1142.7aeffaad.js,111452,3513,4840
desktop-en,ui,A,/assets/js/56506.f5b1edbc.js,107,3513,3838
desktop-en,ui,A,/assets/js/56552.0c921019.js,107,3513,3876
desktop-en,ui,B,/assets/css/styles.077ce73f.css,62945,37,417
desktop-en,ui,B,/assets/js/runtime~main.39eb9b4f.js,24806,39,269
desktop-en,ui,B,/assets/js/main.b9ab6163.js,232484,39,935
desktop-en,ui,B,/img/logo.svg,22395,39,257
desktop-en,ui,B,/assets/fonts/inter-latin-700-normal-1104236696a5d2d1f236f40aa0c491d1.woff2,24314,453,792
desktop-en,ui,B,/assets/fonts/inter-latin-500-normal-b7c27c60f848f2083f45be25012ce41d.woff2,24253,459,798
desktop-en,ui,B,/assets/fonts/inter-latin-400-normal-eca1e21531598d5db58f56b3ba23a8cc.woff2,23667,464,786
desktop-en,ui,B,/assets/fonts/inter-latin-600-normal-69a8d1d484967aba2389ef57577b76be.woff2,24443,481,800
desktop-en,ui,B,/assets/js/5471.fb124ec7.js,706,985,1012
desktop-en,ui,B,/assets/js/5e95c892.a0cebb3b.js,270,1012,1044
desktop-en,ui,B,/assets/js/aba21aa0.97e29771.js,164,1013,1046
desktop-en,ui,B,/assets/js/a7bd4aaa.148231b3.js,394,1013,1050
desktop-en,ui,B,/assets/js/0058b4c6.1ee43fcf.js,32327,1014,1278
desktop-en,ui,B,/assets/js/22972.a0a0ea8b.js,6810,1014,1101
desktop-en,ui,B,/assets/js/57884.d776a900.js,3782,1014,1078
desktop-en,ui,B,/assets/js/a94703ab.23f5948f.js,570,1015,1076
desktop-en,ui,B,/assets/js/71015.01197591.js,56729,1015,1333
desktop-en,ui,B,/assets/js/96438.2dab9359.js,10685,1015,1187
desktop-en,ui,B,/assets/js/16605.13c38af0.js,2871,1016,1141
desktop-en,ui,B,/assets/js/17896441.08b4ae60.js,18384,1016,1256
desktop-en,ui,B,/assets/js/16018.d1192016.js,4192,1017,1169
desktop-en,ui,B,/assets/js/c3fe327e.a6ebbcb9.js,2855,1017,1204
desktop-en,ui,B,/img/favicon.ico,0,1365,1367
desktop-en,ui,B,/assets/js/78783.ddaaf996.js,2375,1414,1448
desktop-en,ui,B,/assets/js/5e95c892.a0cebb3b.js,270,1452,1559
desktop-en,ui,B,/assets/js/aba21aa0.97e29771.js,164,1453,1562
desktop-en,ui,B,/assets/js/a7bd4aaa.148231b3.js,394,1453,1565
desktop-en,ui,B,/assets/js/0058b4c6.1ee43fcf.js,32327,1453,1842
desktop-en,ui,B,/assets/js/a94703ab.23f5948f.js,570,1453,1571
desktop-en,ui,B,/assets/js/17896441.08b4ae60.js,18384,1454,1718
desktop-en,ui,B,/assets/js/63fb9b7a.bfbfd421.js,4174,1454,1615
desktop-en,ui,B,/assets/js/4df1f19a.d6078cca.js,6369,1455,1656
desktop-en,ui,B,/assets/js/a7456010.95edc207.js,165,1455,1599
desktop-en,ui,B,/assets/js/48ebc4e4.8fd532fc.js,5441,1456,1650
desktop-en,ui,B,/assets/js/0cf477ba.1b96f38c.js,4218,1456,1664
desktop-en,ui,B,/assets/js/1df93b7f.71358cbc.js,4382,1458,1738
desktop-en,ui,B,/assets/js/88a1aa13.257f413b.js,4553,1461,1762
desktop-en,ui,B,/assets/js/b6cfc9b9.1d0b758b.js,11423,1461,1833
desktop-en,ui,B,/assets/js/e6cd77b4.bcbac92e.js,3582,1462,1781
desktop-en,ui,B,/assets/js/594d4304.8a595816.js,10746,1464,1881
desktop-en,ui,B,/assets/js/5ea6b45c.86bd8411.js,13762,1464,1928
desktop-en,ui,B,/assets/js/b0c1de41.8c6a6a1b.js,20267,1465,1991
desktop-en,ui,B,/assets/js/a6aa9e1f.fac7cffb.js,8530,1466,1939
desktop-en,ui,B,/assets/js/36994c47.f8d8d8e4.js,165,1466,1879
desktop-en,ui,B,/assets/js/814f3328.286ebf8d.js,149,1466,1914
desktop-en,ui,B,/assets/js/b60887f9.e5a25ebe.js,1636,1466,1933
desktop-en,ui,B,/assets/js/4513f2cf.e5389188.js,1217,1466,1945
desktop-en,ui,B,/assets/js/d5563711.d45f0a6c.js,1496,1466,1968
desktop-en,ui,B,/assets/js/ce087704.41cdfc3f.js,2001,1466,1979
desktop-en,ui,B,/assets/js/c4b0d5c3.1ed3fc9e.js,1632,1466,1988
desktop-en,ui,B,/assets/js/b691f94e.237c76b9.js,1365,1467,1993
desktop-en,ui,B,/assets/js/01f9c14d.01911a79.js,1590,1467,2007
desktop-en,ui,B,/assets/js/9f7ba680.1498a91a.js,1540,1467,2013
desktop-en,ui,B,/assets/js/2edfd140.83618690.js,1428,1467,2027
desktop-en,ui,B,/assets/js/78504075.f24a1f1d.js,1689,1467,2033
desktop-en,ui,B,/assets/js/60a93ab7.6e31e64b.js,1408,1467,2036
desktop-en,ui,B,/assets/js/0a7db8a8.c963f12a.js,1380,1467,2048
desktop-en,ui,B,/assets/js/c012f30e.e4058a3d.js,1328,1467,2053
desktop-en,ui,B,/assets/js/b3f1d1fd.1e28e0c0.js,1754,1468,2065
desktop-en,ui,B,/assets/js/318622b1.2b3ce640.js,1634,1468,2073
desktop-en,ui,B,/assets/js/6e4b00f9.ddb5270d.js,1289,1468,2076
desktop-en,ui,B,/assets/js/0a03e093.50c9eb95.js,1306,1468,2087
desktop-en,ui,B,/assets/js/fd67be4e.d10497c6.js,1662,1468,2093
desktop-en,ui,B,/assets/js/97954ebd.b7edc7e5.js,1414,1468,2105
desktop-en,ui,B,/assets/js/30a6f881.f5ced6cc.js,1443,1468,2114
desktop-en,ui,B,/assets/js/90c48350.87bc6505.js,1407,1468,2116
desktop-en,ui,B,/assets/js/1fdc07c7.cbb8d3dd.js,1398,1468,2128
desktop-en,ui,B,/assets/js/f214ad1d.e63850e7.js,1773,1468,2134
desktop-en,ui,B,/assets/js/0d7c09f5.5e9df328.js,1386,1469,2145
desktop-en,ui,B,/assets/js/c6eb9c55.5d60b542.js,1357,1469,2153
desktop-en,ui,B,/assets/js/1368dfea.206cf3a3.js,1305,1469,2156
desktop-en,ui,B,/assets/js/8f447190.5771d6f4.js,1586,1469,2167
desktop-en,ui,B,/assets/js/a493501a.ca8f1a13.js,1429,1469,2176
desktop-en,ui,B,/assets/js/0a304243.3a51ec54.js,1371,1469,2185
desktop-en,ui,B,/assets/js/192f6b8b.48a7fc54.js,1352,1469,2193
desktop-en,ui,B,/assets/js/77251510.ad63e832.js,1417,1469,2196
desktop-en,ui,B,/assets/js/3465b717.7f3e4444.js,1374,1469,2207
desktop-en,ui,B,/assets/js/1ec54888.a753e6c6.js,1618,1469,2214
desktop-en,ui,B,/assets/js/aac3c7bb.9f58401e.js,1465,1469,2225
desktop-en,ui,B,/assets/js/2bb8de9a.29658c38.js,1670,1470,2234
desktop-en,ui,B,/assets/js/58e3a219.cdcf64a2.js,1591,1470,2239
desktop-en,ui,B,/assets/js/7f8d7c69.1ea11eac.js,1541,1470,2248
desktop-en,ui,B,/assets/js/2483ec1c.3f2fdee5.js,1419,1470,2254
desktop-en,ui,B,/assets/js/d3ffb731.e50db185.js,1753,1470,2265
desktop-en,ui,B,/assets/js/74606f37.aa1f3801.js,1800,1470,2274
desktop-en,ui,B,/assets/js/ed7c8481.aedcac6f.js,1387,1470,2282
desktop-en,ui,B,/assets/js/f62a7ea7.5deb3893.js,1357,1471,2291
desktop-en,ui,B,/assets/js/b41e6c7a.5853e8e8.js,1280,1471,2293
desktop-en,ui,B,/assets/js/f8ad7ab2.9975ddf6.js,1303,1471,2305
desktop-en,ui,B,/assets/js/c0e590af.cd561d92.js,1504,1471,2310
desktop-en,ui,B,/assets/js/695747ea.4952a501.js,1313,1471,2323
desktop-en,ui,B,/assets/js/6b5a9dfa.cb737247.js,1325,1471,2331
desktop-en,ui,B,/assets/js/588cd219.3fd746d9.js,1231,1471,2325
desktop-en,ui,B,/assets/js/f0a0efe1.3e71d5a7.js,1994,1472,2342
desktop-en,ui,B,/assets/js/39486e90.16622a5a.js,1413,1472,2347
desktop-en,ui,B,/assets/js/6c5b8922.ffd383c8.js,1376,1472,2359
desktop-en,ui,B,/assets/js/bd1ee143.c0e328d9.js,2060,1472,2369
desktop-en,ui,B,/assets/js/f5c4b852.e598de58.js,1383,1472,2374
desktop-en,ui,B,/assets/js/0a1c4072.09918145.js,1414,1472,2382
desktop-en,ui,B,/assets/js/3a95fd66.4f360b28.js,1392,1472,2388
desktop-en,ui,B,/assets/js/23e688d6.f31b3c9b.js,1534,1472,2400
desktop-en,ui,B,/assets/js/f229f748.0611b12a.js,1349,1472,2408
desktop-en,ui,B,/assets/js/b9170d19.77fec172.js,1906,1472,2417
desktop-en,ui,B,/assets/js/e5df0adf.27cbc7d4.js,1592,1472,2425
desktop-en,ui,B,/assets/js/966f0cca.01fdd047.js,1439,1473,2428
desktop-en,ui,B,/assets/js/0c2b2562.d28b5732.js,1626,1473,2440
desktop-en,ui,B,/assets/js/e8269fec.5430fb87.js,1636,1473,2445
desktop-en,ui,B,/assets/js/6fafa77e.d827e920.js,1538,1473,2457
desktop-en,ui,B,/assets/js/0ba205e1.8cac8210.js,1372,1473,2465
desktop-en,ui,B,/assets/js/11a6e447.35c83dc4.js,1630,1473,2469
desktop-en,ui,B,/assets/js/6f2afc85.7795a550.js,2587,1473,2477
desktop-en,ui,B,/assets/js/edfbb242.1f6e6547.js,1721,1473,2479
desktop-en,ui,B,/assets/js/b68518de.99bb4c72.js,1287,1474,2494
desktop-en,ui,B,/assets/js/c988a85e.74a5aa63.js,1388,1474,2488
desktop-en,ui,B,/assets/js/987db844.8e0be6da.js,1447,1474,2500
desktop-en,ui,B,/assets/js/7a582b15.fce7597b.js,1670,1474,2505
desktop-en,ui,B,/assets/js/2691968b.0504f940.js,1524,1474,2511
desktop-en,ui,B,/assets/js/045d9d18.549dc688.js,1543,1474,2514
desktop-en,ui,B,/assets/js/ed3a165e.cb31723f.js,1272,1474,2523
desktop-en,ui,B,/assets/js/655d2cc1.1c685880.js,1289,1474,2525
desktop-en,ui,B,/assets/js/f2c79a6e.311a7591.js,1402,1475,2534
desktop-en,ui,B,/assets/js/affdbf97.a9b85e82.js,1329,1475,2540
desktop-en,ui,B,/assets/js/467dcc91.9baee43d.js,1316,1475,2545
desktop-en,ui,B,/assets/js/3ef5e2e7.fcc2fc99.js,1603,1475,2548
desktop-en,ui,B,/assets/js/8398d371.a49c8708.js,1307,1475,2557
desktop-en,ui,B,/assets/js/966d7901.d6804046.js,1335,1475,2559
desktop-en,ui,B,/assets/js/ac0b0420.b7012b72.js,1385,1475,2568
desktop-en,ui,B,/assets/js/7c6bb6a5.fc0da3e0.js,1332,1475,2571
desktop-en,ui,B,/assets/js/3dd0c199.5ee005ce.js,1244,1476,2575
desktop-en,ui,B,/assets/js/c2937a9d.39ba703e.js,1322,1476,2582
desktop-en,ui,B,/assets/js/b7f7d26a.879ca0c2.js,1394,1476,2589
desktop-en,ui,B,/assets/js/22b55f44.192efad9.js,1352,1476,2592
desktop-en,ui,B,/assets/js/fe785eb3.6e5c38a4.js,1569,1476,2600
desktop-en,ui,B,/assets/js/0b84458c.9a29f8ee.js,1378,1476,2606
desktop-en,ui,B,/assets/js/c16cc89a.5d444b89.js,1267,1476,2609
desktop-en,ui,B,/assets/js/cb6fa29b.7243c560.js,1351,1476,2617
desktop-en,ui,B,/assets/js/2bb30232.0945b21c.js,1266,1477,2623
desktop-en,ui,B,/assets/js/f61adf7a.ba24c23b.js,1342,1477,2625
desktop-en,ui,B,/assets/js/d75e0885.f3f2441f.js,1236,1477,2629
desktop-en,ui,B,/assets/js/b16b89bc.8c5f0582.js,1302,1477,2636
desktop-en,ui,B,/assets/js/e10df803.3523876f.js,1277,1477,2639
desktop-en,ui,B,/assets/js/8a8c04f1.b049d39d.js,1302,1477,2645
desktop-en,ui,B,/assets/js/98aa3b14.454af12a.js,1291,1478,2654
desktop-en,ui,B,/assets/js/10e1d188.faf9dd46.js,1237,1478,2657
desktop-en,ui,B,/assets/js/78fcb039.e1b4cdbf.js,1296,1478,2660
desktop-en,ui,B,/assets/js/8d789909.e67386b3.js,1266,1478,2669
desktop-en,ui,B,/assets/js/50f95c55.82c19ede.js,1468,1478,2674
desktop-en,ui,B,/assets/js/f43d9d49.29b94bc7.js,1474,1478,2677
desktop-en,ui,B,/assets/js/43a8d774.96b5fe4f.js,1286,1478,2686
desktop-en,ui,B,/assets/js/7b25f8c6.3fe83a6a.js,1298,1478,2691
desktop-en,ui,B,/assets/js/9f988edf.afab7cf7.js,1613,1478,2694
desktop-en,ui,B,/assets/js/bc639700.b5fe98bf.js,1276,1479,2703
desktop-en,ui,B,/assets/js/31a7ce28.4c9c7026.js,1254,1479,2700
desktop-en,ui,B,/assets/js/4d362dc9.0a2cf1be.js,1336,1479,2709
desktop-en,ui,B,/assets/js/998f750d.f5fdfb7f.js,1316,1479,2717
desktop-en,ui,B,/assets/js/03b6516c.e1513292.js,1241,1479,2715
desktop-en,ui,B,/assets/js/2abf232f.8ba7ce81.js,1373,1479,2723
desktop-en,ui,B,/assets/js/db5ef009.c9224033.js,1418,1479,2732
desktop-en,ui,B,/assets/js/1e3f9552.7a0e0c29.js,1290,1479,2734
desktop-en,ui,B,/assets/js/58cc6580.1084f96f.js,1558,1479,2743
desktop-en,ui,B,/assets/js/9a8c4f9e.d7f36bdd.js,1387,1480,2748
desktop-en,ui,B,/assets/js/5aac87be.f698efcb.js,1306,1480,2754
desktop-en,ui,B,/assets/js/19d07ec2.15aa2480.js,1311,1480,2757
desktop-en,ui,B,/assets/js/f6a35985.132307ca.js,1264,1480,2766
desktop-en,ui,B,/assets/js/6f85f1ad.60e494a7.js,1291,1480,2769
desktop-en,ui,B,/assets/js/06d0b49b.c2fe5429.js,1239,1480,2771
desktop-en,ui,B,/assets/js/8c11af3e.fdce8df4.js,1256,1480,2775
desktop-en,ui,B,/assets/js/056d4c08.f5227c37.js,1334,1480,2780
desktop-en,ui,B,/assets/js/be23560f.88e5a81e.js,1376,1481,2785
desktop-en,ui,B,/assets/js/0c8b6c4b.0e777017.js,1356,1481,2792
desktop-en,ui,B,/assets/js/95109c98.2fa6a317.js,1372,1481,2800
desktop-en,ui,B,/assets/js/b2e9a461.ea970613.js,1427,1481,2806
desktop-en,ui,B,/assets/js/5e4675fa.ea9f8f65.js,1310,1481,2812
desktop-en,ui,B,/assets/js/3488eb7b.1f492f7e.js,1358,1481,2817
desktop-en,ui,B,/assets/js/4e83aca2.166bac99.js,1376,1481,2823
desktop-en,ui,B,/assets/js/b0b4ec7d.0fd115d3.js,1206,1481,2821
desktop-en,ui,B,/assets/js/897ab908.73715f11.js,1364,1481,2829
desktop-en,ui,B,/assets/js/c62197ec.63ebca32.js,1297,1482,2834
desktop-en,ui,B,/assets/js/df9119bb.51eddbe7.js,1258,1482,2840
desktop-en,ui,B,/assets/js/0f48f00c.65867ba0.js,2114,1482,2851
desktop-en,ui,B,/assets/js/9ddbd9d0.448b3729.js,1364,1482,2854
desktop-en,ui,B,/assets/js/0740f902.b0324252.js,1335,1482,2857
desktop-en,ui,B,/assets/js/d2cfe8d9.71092d6f.js,1248,1482,2862
desktop-en,ui,B,/assets/js/9b223487.757ecd94.js,1194,1482,2864
desktop-en,ui,B,/assets/js/73eb2f99.15f0e03c.js,1301,1482,2868
desktop-en,ui,B,/assets/js/bf0fb1d5.e70d9f5f.js,1297,1483,2878
desktop-en,ui,B,/assets/js/186342f8.ec7692fc.js,1282,1483,2886
desktop-en,ui,B,/assets/js/0d5e7a04.01302680.js,1279,1483,2889
desktop-en,ui,B,/assets/js/1067966e.6fa9b162.js,1739,1483,2900
desktop-en,ui,B,/assets/js/3f0e8ad9.a8123e14.js,1357,1483,2903
desktop-en,ui,B,/assets/js/7e6c2622.4475b58d.js,1317,1483,2906
desktop-en,ui,B,/assets/js/97e6fc44.b80d39af.js,1335,1484,2914
desktop-en,ui,B,/assets/js/aded9f52.b2d2911e.js,1378,1484,2920
desktop-en,ui,B,/assets/js/bb3dfddb.ed515293.js,1375,1484,2923
desktop-en,ui,B,/assets/js/6b7ca204.3e180d85.js,1332,1484,2934
desktop-en,ui,B,/assets/js/d4562f76.18389c55.js,1496,1484,2937
desktop-en,ui,B,/assets/js/4b970ea1.611b2d77.js,1409,1485,2941
desktop-en,ui,B,/assets/js/ae46f6e7.014f9739.js,1277,1485,2949
desktop-en,ui,B,/assets/js/c35dbcd9.811c9d6a.js,1276,1485,2954
desktop-en,ui,B,/assets/js/ebfa4c7e.ac93ccc4.js,1305,1485,2958
desktop-en,ui,B,/assets/js/8e6f6dbf.d0e22678.js,1413,1485,2966
desktop-en,ui,B,/assets/js/f17b6b44.77dbd8b9.js,1428,1485,2972
desktop-en,ui,B,/assets/js/d5317537.af140591.js,1580,1486,2974
desktop-en,ui,B,/assets/js/be3a94bc.bf9f64f5.js,1391,1486,2983
desktop-en,ui,B,/assets/js/d916f95c.9cf8f8a8.js,1622,1486,2989
desktop-en,ui,B,/assets/js/8ad1daeb.f874a2b0.js,1539,1486,2992
desktop-en,ui,B,/assets/js/f2c12d88.e296647e.js,1366,1486,3003
desktop-en,ui,B,/assets/js/7e79c49a.317477af.js,1319,1486,3006
desktop-en,ui,B,/assets/js/41df52d9.ec53fd6a.js,1276,1486,3009
desktop-en,ui,B,/assets/js/55c6d50b.a74a11ae.js,1292,1486,3017
desktop-en,ui,B,/assets/js/b42abfab.28c79e53.js,1313,1487,3023
desktop-en,ui,B,/assets/js/8854639a.2a132c71.js,1328,1487,3026
desktop-en,ui,B,/assets/js/2626ded7.5795fbb5.js,1378,1487,3034
desktop-en,ui,B,/assets/js/381ee3ae.e63e50fc.js,1426,1487,3041
desktop-en,ui,B,/assets/js/aa634c0a.ad1a8887.js,1232,1487,3038
desktop-en,ui,B,/assets/js/8f1e6d33.ad577042.js,1389,1487,3045
desktop-en,ui,B,/assets/js/8cb5d721.6abcd09f.js,1324,1487,3055
desktop-en,ui,B,/assets/js/c7b964fc.01ff2c75.js,1446,1487,3058
desktop-en,ui,B,/assets/js/208a8bb3.3ccca449.js,1258,1488,3066
desktop-en,ui,B,/assets/js/bfa71dc8.02a830ac.js,1258,1488,3071
desktop-en,ui,B,/assets/js/c15d9823.7a8eeee1.js,217,1488,3069
desktop-en,ui,B,/assets/js/1f391b9e.4eb753b0.js,2442,1489,3078
desktop-en,ui,B,/assets/js/f22fea79.026f2975.js,4708,1489,3089
desktop-en,ui,B,/assets/js/1142.7aeffaad.js,111452,1600,2462
desktop-en,ui,B,/assets/js/56506.f5b1edbc.js,107,1600,1682
desktop-en,ui,B,/assets/js/56552.0c921019.js,107,1601,1692
contest-en,trie,A,/assets/css/styles.ecf8502c.css,432316,45,1506
contest-en,trie,A,/assets/js/runtime~main.9c61c8f1.js,27785,45,324
contest-en,trie,A,/assets/js/main.3e95d5d5.js,231647,46,1129
contest-en,trie,A,/img/logo.svg,39428,46,391
contest-en,trie,A,/assets/fonts/KaTeX_Math-Italic-6d3d25f4820d0da8f01fa3d2c7cbb8c2.woff2,16468,1544,1938
contest-en,trie,A,/assets/fonts/KaTeX_Main-Regular-f650f111a3b890d116f1ba740b7e3de3.woff2,26300,1544,2030
contest-en,trie,A,/assets/fonts/inter-latin-700-normal-1104236696a5d2d1f236f40aa0c491d1.woff2,24314,1552,2022
contest-en,trie,A,/assets/fonts/inter-latin-500-normal-b7c27c60f848f2083f45be25012ce41d.woff2,24253,1560,2024
contest-en,trie,A,/assets/fonts/inter-latin-400-normal-eca1e21531598d5db58f56b3ba23a8cc.woff2,23667,1572,2012
contest-en,trie,A,/assets/fonts/inter-latin-600-normal-69a8d1d484967aba2389ef57577b76be.woff2,24443,1615,2027
contest-en,trie,A,/assets/js/5471.fb124ec7.js,706,1773,1973
contest-en,trie,A,/assets/js/5e95c892.a0cebb3b.js,270,1796,2010
contest-en,trie,A,/assets/js/aba21aa0.97e29771.js,164,1796,2036
contest-en,trie,A,/assets/js/a7bd4aaa.148231b3.js,394,1797,2036
contest-en,trie,A,/assets/js/0058b4c6.1ee43fcf.js,32327,1798,2256
contest-en,trie,A,/assets/js/22972.a0a0ea8b.js,6810,1798,2104
contest-en,trie,A,/assets/js/57884.d776a900.js,3782,1799,2082
contest-en,trie,A,/assets/js/a94703ab.23f5948f.js,570,1799,2065
contest-en,trie,A,/assets/js/93345.12e2b84c.js,67432,1799,2402
contest-en,trie,A,/assets/js/91029.fa6692c9.js,2735,1800,2087
contest-en,trie,A,/assets/js/17896441.e0556537.js,555457,1800,3340
contest-en,trie,A,/assets/js/b362d0a2.d341daa3.js,2244,1800,2127
contest-en,trie,A,/img/favicon.ico,0,3387,3388
contest-en,trie,A,/assets/js/61111.85933e11.js,994,3461,3493
contest-en,trie,A,/assets/js/5e95c892.a0cebb3b.js,270,3549,3708
contest-en,trie,A,/assets/js/aba21aa0.97e29771.js,164,3550,3708
contest-en,trie,A,/assets/js/a7bd4aaa.148231b3.js,394,3550,3712
contest-en,trie,A,/assets/js/0058b4c6.1ee43fcf.js,32327,3550,3935
contest-en,trie,A,/assets/js/a94703ab.23f5948f.js,570,3551,3735
contest-en,trie,A,/assets/js/14eb3368.9bbe3ca8.js,3879,3553,3743
contest-en,trie,A,/assets/js/20efb0e0.b966e029.js,426,3553,3751
contest-en,trie,A,/assets/js/6dd1cbc9.b0d1b3ba.js,2051,3557,3769
contest-en,trie,A,/assets/js/8a45f8fe.67c60209.js,375,3559,3767
contest-en,trie,A,/assets/js/4df1f19a.122afd69.js,6369,3560,3829
contest-en,trie,A,/assets/js/a7456010.95edc207.js,165,3560,3784
contest-en,trie,A,/assets/js/de627e0c.c45c7f83.js,1887,3562,3812
contest-en,trie,A,/assets/js/1df93b7f.71358cbc.js,4382,3564,3841
contest-en,trie,A,/assets/js/2addbf6f.6e9e0e5c.js,405,3566,3821
contest-en,trie,A,/assets/js/36994c47.f8d8d8e4.js,165,3567,3852
contest-en,trie,A,/assets/js/814f3328.286ebf8d.js,149,3567,3866
contest-en,trie,A,/assets/js/b60887f9.e5a25ebe.js,1636,3568,3884
contest-en,trie,A,/assets/js/4513f2cf.e5389188.js,1217,3568,3887
contest-en,trie,A,/assets/js/d5563711.93b913e7.js,1761,3568,3909
contest-en,trie,A,/assets/js/ce087704.41cdfc3f.js,2001,3568,3932
contest-en,trie,A,/assets/js/c4b0d5c3.1ed3fc9e.js,1632,3568,3938
contest-en,trie,A,/assets/js/b691f94e.1f443e05.js,1621,3569,3955
contest-en,trie,A,/assets/js/01f9c14d.01911a79.js,1590,3569,3978
contest-en,trie,A,/assets/js/9f7ba680.a390da03.js,1801,3569,3981
contest-en,trie,A,/assets/js/2edfd140.e454e4a5.js,1688,3569,3987
contest-en,trie,A,/assets/js/78504075.f24a1f1d.js,1689,3569,4036
contest-en,trie,A,/assets/js/60a93ab7.5338d79a.js,1673,3570,4058
contest-en,trie,A,/assets/js/0a7db8a8.de82b8c3.js,1642,3570,4070
contest-en,trie,A,/assets/js/c012f30e.89759311.js,1584,3570,4086
contest-en,trie,A,/assets/js/b3f1d1fd.1e28e0c0.js,1754,3570,4107
contest-en,trie,A,/assets/js/318622b1.2b3ce640.js,1634,3571,4115
contest-en,trie,A,/assets/js/6e4b00f9.311948e7.js,1545,3571,4135
contest-en,trie,A,/assets/js/0a03e093.d097d1f9.js,1564,3571,4155
contest-en,trie,A,/assets/js/fd67be4e.d10497c6.js,1662,3571,4164
contest-en,trie,A,/assets/js/97954ebd.c1dde9f2.js,1674,3572,4181
contest-en,trie,A,/assets/js/30a6f881.79aefbe1.js,1705,3572,4204
contest-en,trie,A,/assets/js/90c48350.171c6a13.js,1667,3572,4212
contest-en,trie,A,/assets/js/1fdc07c7.703831ca.js,1657,3572,4230
contest-en,trie,A,/assets/js/f214ad1d.e63850e7.js,1773,3572,4253
contest-en,trie,A,/assets/js/0d7c09f5.c2ad6e6d.js,1645,3573,4262
contest-en,trie,A,/assets/js/c6eb9c55.12b5b325.js,1612,3573,4279
contest-en,trie,A,/assets/js/1368dfea.ee0f1a39.js,1562,3573,4302
contest-en,trie,A,/assets/js/8f447190.5771d6f4.js,1586,3573,4310
contest-en,trie,A,/assets/js/a493501a.bd5a3017.js,1688,3574,4327
contest-en,trie,A,/assets/js/0a304243.2a0799f2.js,1626,3574,4350
contest-en,trie,A,/assets/js/192f6b8b.cd81ea5d.js,1606,3574,4358
contest-en,trie,A,/assets/js/77251510.2b1bb3b4.js,1676,3574,4376
contest-en,trie,A,/assets/js/3465b717.cddffe9d.js,1633,3574,4398
contest-en,trie,A,/assets/js/1ec54888.a753e6c6.js,1618,3575,4407
contest-en,trie,A,/assets/js/aac3c7bb.7f3b1a49.js,1724,3575,4424
contest-en,trie,A,/assets/js/2bb8de9a.29658c38.js,1670,3575,4447
contest-en,trie,A,/assets/js/58e3a219.cdcf64a2.js,1591,3575,4456
contest-en,trie,A,/assets/js/7f8d7c69.1ea11eac.js,1541,3575,4473
contest-en,trie,A,/assets/js/2483ec1c.656ae2e7.js,1683,3576,4496
contest-en,trie,A,/assets/js/d3ffb731.e50db185.js,1753,3576,4504
contest-en,trie,A,/assets/js/74606f37.aa1f3801.js,1800,3576,4522
contest-en,trie,A,/assets/js/ed7c8481.1a7332d4.js,1646,3576,4545
contest-en,trie,A,/assets/js/f62a7ea7.ec9b859b.js,1613,3576,4553
contest-en,trie,A,/assets/js/b41e6c7a.edab07b2.js,1529,3577,4571
contest-en,trie,A,/assets/js/f8ad7ab2.c135b64a.js,1559,3577,4593
contest-en,trie,A,/assets/js/c0e590af.cd561d92.js,1504,3577,4602
contest-en,trie,A,/assets/js/695747ea.2a5c0146.js,1561,3577,4619
contest-en,trie,A,/assets/js/6b5a9dfa.38290dc7.js,1579,3577,4641
contest-en,trie,A,/assets/js/588cd219.cbe045ab.js,1485,3578,4650
contest-en,trie,A,/assets/js/f0a0efe1.3e71d5a7.js,1994,3578,4667
contest-en,trie,A,/assets/js/39486e90.45fc604c.js,1674,3578,4691
contest-en,trie,A,/assets/js/6c5b8922.c9259889.js,1630,3578,4699
contest-en,trie,A,/assets/js/bd1ee143.c0e328d9.js,2060,3578,4716
contest-en,trie,A,/assets/js/f5c4b852.eb7cc2d2.js,1643,3579,4739
contest-en,trie,A,/assets/js/0a1c4072.1306a854.js,1674,3579,4748
contest-en,trie,A,/assets/js/3a95fd66.fef7a06b.js,1642,3579,4765
contest-en,trie,A,/assets/js/23e688d6.20842bee.js,1799,3579,4788
contest-en,trie,A,/assets/js/f229f748.4f05cdc0.js,1609,3579,4796
contest-en,trie,A,/assets/js/b9170d19.77fec172.js,1906,3580,4811
contest-en,trie,A,/assets/js/e5df0adf.27cbc7d4.js,1592,3580,4837
contest-en,trie,A,/assets/js/966f0cca.06308b5f.js,1699,3580,4845
contest-en,trie,A,/assets/js/0c2b2562.d28b5732.js,1626,3581,4859
contest-en,trie,A,/assets/js/e8269fec.5430fb87.js,1636,3581,4885
contest-en,trie,A,/assets/js/6fafa77e.d827e920.js,1538,3581,4893
contest-en,trie,A,/assets/js/0ba205e1.692ff912.js,1633,3581,4908
contest-en,trie,A,/assets/js/11a6e447.35c83dc4.js,1630,3581,4934
contest-en,trie,A,/assets/js/6f2afc85.7795a550.js,2587,3581,4942
contest-en,trie,A,/assets/js/edfbb242.1f6e6547.js,1721,3582,4957
contest-en,trie,A,/assets/js/c988a85e.075671b9.js,1647,3582,4979
contest-en,trie,A,/assets/js/b68518de.47d81670.js,1543,3582,4988
contest-en,trie,A,/assets/js/987db844.8e0be6da.js,1447,3582,5002
contest-en,trie,A,/assets/js/7a582b15.fce7597b.js,1670,3583,5014
contest-en,trie,A,/assets/js/2691968b.0504f940.js,1524,3583,5025
contest-en,trie,A,/assets/js/045d9d18.549dc688.js,1543,3583,5037
contest-en,trie,A,/assets/js/ed3a165e.2538e9f4.js,1530,3583,5045
contest-en,trie,A,/assets/js/655d2cc1.4e914210.js,1541,3583,5059
contest-en,trie,A,/assets/js/f2c79a6e.595b42d0.js,1664,3584,5068
contest-en,trie,A,/assets/js/affdbf97.94143cd3.js,1590,3584,5082
contest-en,trie,A,/assets/js/467dcc91.db99f691.js,1569,3584,5094
contest-en,trie,A,/assets/js/3ef5e2e7.fcc2fc99.js,1603,3584,5105
contest-en,trie,A,/assets/js/8398d371.ba6ac8e4.js,1559,3585,5113
contest-en,trie,A,/assets/js/966d7901.40479e4c.js,1594,3585,5128
contest-en,trie,A,/assets/js/ac0b0420.afc13020.js,1645,3585,5136
contest-en,trie,A,/assets/js/7c6bb6a5.e6c3b7e4.js,1586,3585,5150
contest-en,trie,A,/assets/js/3dd0c199.c9135b28.js,1497,3585,5160
contest-en,trie,A,/assets/js/c2937a9d.1732d2c5.js,1575,3586,5174
contest-en,trie,A,/assets/js/b7f7d26a.b6392db9.js,1656,3586,5183
contest-en,trie,A,/assets/js/22b55f44.ada13d4c.js,1607,3586,5197
contest-en,trie,A,/assets/js/fe785eb3.6e5c38a4.js,1569,3586,5205
contest-en,trie,A,/assets/js/0b84458c.c4303037.js,1639,3587,5219
contest-en,trie,A,/assets/js/c16cc89a.1a9e4a4a.js,1519,3587,5229
contest-en,trie,A,/assets/js/cb6fa29b.22db6210.js,1605,3587,5243
contest-en,trie,A,/assets/js/2bb30232.9d6b9ffc.js,1516,3587,5254
contest-en,trie,A,/assets/js/f61adf7a.e6378f82.js,1597,3588,5265
contest-en,trie,A,/assets/js/d75e0885.c268eb10.js,1490,3588,5274
contest-en,trie,A,/assets/js/b16b89bc.2ebb8bfd.js,1559,3588,5288
contest-en,trie,A,/assets/js/e10df803.ed36253c.js,1527,3588,5300
contest-en,trie,A,/assets/js/8a8c04f1.85edc80f.js,1557,3589,5311
contest-en,trie,A,/assets/js/98aa3b14.bcc5f2a5.js,1547,3589,5322
contest-en,trie,A,/assets/js/78fcb039.22f53c57.js,1548,3589,5332
contest-en,trie,A,/assets/js/10e1d188.3b89d723.js,1493,3589,5345
contest-en,trie,A,/assets/js/8d789909.d2f8d9ec.js,1518,3589,5357
contest-en,trie,A,/assets/js/50f95c55.82c19ede.js,1468,3590,5368
contest-en,trie,A,/assets/js/f43d9d49.29b94bc7.js,1474,3590,5377
contest-en,trie,A,/assets/js/43a8d774.4bda4060.js,1539,3590,5392
contest-en,trie,A,/assets/js/7b25f8c6.5932998e.js,1553,3591,5403
contest-en,trie,A,/assets/js/9f988edf.afab7cf7.js,1613,3591,5414
contest-en,trie,A,/assets/js/bc639700.db5c32c3.js,1531,3591,5423
contest-en,trie,A,/assets/js/31a7ce28.a9b5ae03.js,1508,3591,5437
contest-en,trie,A,/assets/js/4d362dc9.c7ac33ac.js,1592,3591,5445
contest-en,trie,A,/assets/js/998f750d.b1335a37.js,1566,3592,5460
contest-en,trie,A,/assets/js/03b6516c.f9e22a6f.js,1493,3592,5469
contest-en,trie,A,/assets/js/2abf232f.c48a4685.js,1629,3592,5482
contest-en,trie,A,/assets/js/db5ef009.eb18207b.js,1679,3592,5491
contest-en,trie,A,/assets/js/1142.7aeffaad.js,111452,3948,4965
contest-en,trie,A,/assets/js/56506.f5b1edbc.js,107,3949,4010
contest-en,trie,A,/assets/js/56552.0c921019.js,107,3949,4016
contest-en,trie,B,/assets/js/runtime~main.39eb9b4f.js,24806,39,268
contest-en,trie,B,/assets/css/styles.077ce73f.css,62945,39,417
contest-en,trie,B,/img/logo.svg,22395,39,256
contest-en,trie,B,/assets/js/main.b9ab6163.js,232484,39,1020
contest-en,trie,B,/assets/fonts/KaTeX_Math-Italic-6d3d25f4820d0da8f01fa3d2c7cbb8c2.woff2,16468,446,754
contest-en,trie,B,/assets/fonts/KaTeX_Main-Regular-f650f111a3b890d116f1ba740b7e3de3.woff2,26300,446,852
contest-en,trie,B,/assets/fonts/inter-latin-700-normal-1104236696a5d2d1f236f40aa0c491d1.woff2,24314,452,840
contest-en,trie,B,/assets/fonts/inter-latin-500-normal-b7c27c60f848f2083f45be25012ce41d.woff2,24253,458,846
contest-en,trie,B,/assets/fonts/inter-latin-400-normal-eca1e21531598d5db58f56b3ba23a8cc.woff2,23667,465,834
contest-en,trie,B,/assets/fonts/inter-latin-600-normal-69a8d1d484967aba2389ef57577b76be.woff2,24443,482,923
contest-en,trie,B,/assets/js/5471.fb124ec7.js,706,1079,1103
contest-en,trie,B,/assets/js/5e95c892.a0cebb3b.js,270,1103,1138
contest-en,trie,B,/assets/js/aba21aa0.97e29771.js,164,1104,1141
contest-en,trie,B,/assets/js/a7bd4aaa.148231b3.js,394,1104,1143
contest-en,trie,B,/assets/js/0058b4c6.1ee43fcf.js,32327,1105,1430
contest-en,trie,B,/assets/js/22972.a0a0ea8b.js,6810,1107,1195
contest-en,trie,B,/assets/js/57884.d776a900.js,3782,1107,1172
contest-en,trie,B,/assets/js/a94703ab.23f5948f.js,570,1108,1170
contest-en,trie,B,/assets/js/71015.01197591.js,56729,1108,1592
contest-en,trie,B,/assets/js/96438.2dab9359.js,10685,1109,1283
contest-en,trie,B,/assets/js/16605.13c38af0.js,2871,1109,1235
contest-en,trie,B,/assets/js/17896441.08b4ae60.js,18384,1110,1386
contest-en,trie,B,/assets/js/problem.29207464.js,656102,1110,2775
contest-en,trie,B,/assets/js/b362d0a2.43b6c0d2.js,53564,1111,1622
contest-en,trie,B,/img/favicon.ico,0,2819,2821
contest-en,trie,B,/assets/js/61111.85933e11.js,994,2900,2929
contest-en,trie,B,/assets/js/5e95c892.a0cebb3b.js,270,2910,3089
contest-en,trie,B,/assets/js/aba21aa0.97e29771.js,164,2910,3098
contest-en,trie,B,/assets/js/a7bd4aaa.148231b3.js,394,2911,3101
contest-en,trie,B,/assets/js/0058b4c6.1ee43fcf.js,32327,2911,3349
contest-en,trie,B,/assets/js/a94703ab.23f5948f.js,570,2911,3108
contest-en,trie,B,/assets/js/17896441.08b4ae60.js,18384,2913,3261
contest-en,trie,B,/assets/js/594d4304.8a595816.js,10746,2913,3226
contest-en,trie,B,/assets/js/5ea6b45c.86bd8411.js,13762,2914,3258
contest-en,trie,B,/assets/js/a7456010.95edc207.js,165,2914,3144
contest-en,trie,B,/assets/js/14eb3368.9bbe3ca8.js,3879,2919,3172
contest-en,trie,B,/assets/js/ffeb045a.7c9d04ac.js,364,2920,3181
contest-en,trie,B,/assets/js/4df1f19a.d6078cca.js,6369,2921,3266
contest-en,trie,B,/assets/js/1af0c904.440d5da2.js,367,2924,3221
contest-en,trie,B,/assets/js/e6cd77b4.bcbac92e.js,3582,2925,3278
contest-en,trie,B,/assets/js/f64a5b78.28343d47.js,348,2927,3264
contest-en,trie,B,/assets/js/8a45f8fe.67c60209.js,375,2928,3285
contest-en,trie,B,/assets/js/1df93b7f.71358cbc.js,4382,2931,3329
contest-en,trie,B,/assets/js/88a1aa13.257f413b.js,4553,2933,3332
contest-en,trie,B,/assets/js/c04a84c5.47a5301c.js,54323,2935,3844
contest-en,trie,B,/assets/js/2addbf6f.6e9e0e5c.js,405,2937,3313
contest-en,trie,B,/assets/js/cf8e3d21.c34bfd85.js,53634,2939,3856
contest-en,trie,B,/assets/js/aed12536.ff2ad49f.js,386,2941,3345
contest-en,trie,B,/assets/js/b6cfc9b9.1d0b758b.js,11423,2942,3461
contest-en,trie,B,/assets/js/494f39ac.79452863.js,54040,2944,3913
contest-en,trie,B,/assets/js/5a1bd53e.a571142b.js,338,2946,3464
contest-en,trie,B,/assets/js/054919c2.298b9f0d.js,55740,2947,4030
contest-en,trie,B,/assets/js/63fb9b7a.bfbfd421.js,4174,2949,3536
contest-en,trie,B,/assets/js/a6aa9e1f.fac7cffb.js,8530,2950,3658
contest-en,trie,B,/assets/js/36994c47.f8d8d8e4.js,165,2950,3696
contest-en,trie,B,/assets/js/814f3328.286ebf8d.js,149,2950,3733
contest-en,trie,B,/assets/js/b60887f9.e5a25ebe.js,1636,2950,3787
contest-en,trie,B,/assets/js/4513f2cf.e5389188.js,1217,2951,3825
contest-en,trie,B,/assets/js/d5563711.d45f0a6c.js,1496,2951,3873
contest-en,trie,B,/assets/js/ce087704.41cdfc3f.js,2001,2951,3892
contest-en,trie,B,/assets/js/c4b0d5c3.1ed3fc9e.js,1632,2952,3905
contest-en,trie,B,/assets/js/b691f94e.237c76b9.js,1365,2952,3918
contest-en,trie,B,/assets/js/01f9c14d.01911a79.js,1590,2952,3933
contest-en,trie,B,/assets/js/9f7ba680.1498a91a.js,1540,2952,3947
contest-en,trie,B,/assets/js/2edfd140.83618690.js,1428,2953,3959
contest-en,trie,B,/assets/js/78504075.f24a1f1d.js,1689,2953,3964
contest-en,trie,B,/assets/js/60a93ab7.6e31e64b.js,1408,2953,3976
contest-en,trie,B,/assets/js/0a7db8a8.c963f12a.js,1380,2953,3987
contest-en,trie,B,/assets/js/c012f30e.e4058a3d.js,1328,2954,4001
contest-en,trie,B,/assets/js/b3f1d1fd.1e28e0c0.js,1754,2954,4013
contest-en,trie,B,/assets/js/318622b1.2b3ce640.js,1634,2954,4025
contest-en,trie,B,/assets/js/6e4b00f9.ddb5270d.js,1289,2954,4033
contest-en,trie,B,/assets/js/0a03e093.50c9eb95.js,1306,2954,4045
contest-en,trie,B,/assets/js/fd67be4e.d10497c6.js,1662,2955,4050
contest-en,trie,B,/assets/js/97954ebd.b7edc7e5.js,1414,2955,4067
contest-en,trie,B,/assets/js/30a6f881.f5ced6cc.js,1443,2955,4070
contest-en,trie,B,/assets/js/90c48350.87bc6505.js,1407,2955,4076
contest-en,trie,B,/assets/js/1fdc07c7.cbb8d3dd.js,1398,2956,4087
contest-en,trie,B,/assets/js/f214ad1d.e63850e7.js,1773,2956,4090
contest-en,trie,B,/assets/js/0d7c09f5.5e9df328.js,1386,2956,4105
contest-en,trie,B,/assets/js/c6eb9c55.5d60b542.js,1357,2956,4110
contest-en,trie,B,/assets/js/1368dfea.206cf3a3.js,1305,2957,4118
contest-en,trie,B,/assets/js/8f447190.5771d6f4.js,1586,2957,4128
contest-en,trie,B,/assets/js/a493501a.ca8f1a13.js,1429,2957,4130
contest-en,trie,B,/assets/js/0a304243.3a51ec54.js,1371,2957,4144
contest-en,trie,B,/assets/js/192f6b8b.48a7fc54.js,1352,2957,4150
contest-en,trie,B,/assets/js/77251510.ad63e832.js,1417,2958,4156
contest-en,trie,B,/assets/js/3465b717.7f3e4444.js,1374,2958,4167
contest-en,trie,B,/assets/js/1ec54888.a753e6c6.js,1618,2958,4170
contest-en,trie,B,/assets/js/aac3c7bb.9f58401e.js,1465,2958,4187
contest-en,trie,B,/assets/js/2bb8de9a.29658c38.js,1670,2958,4191
contest-en,trie,B,/assets/js/58e3a219.cdcf64a2.js,1591,2959,4196
contest-en,trie,B,/assets/js/7f8d7c69.1ea11eac.js,1541,2959,4208
contest-en,trie,B,/assets/js/2483ec1c.3f2fdee5.js,1419,2959,4210
contest-en,trie,B,/assets/js/d3ffb731.e50db185.js,1753,2959,4225
contest-en,trie,B,/assets/js/74606f37.aa1f3801.js,1800,2959,4230
contest-en,trie,B,/assets/js/ed7c8481.aedcac6f.js,1387,2960,4236
contest-en,trie,B,/assets/js/f62a7ea7.5deb3893.js,1357,2960,4247
contest-en,trie,B,/assets/js/b41e6c7a.5853e8e8.js,1280,2960,4250
contest-en,trie,B,/assets/js/f8ad7ab2.9975ddf6.js,1303,2960,4265
contest-en,trie,B,/assets/js/c0e590af.cd561d92.js,1504,2960,4270
contest-en,trie,B,/assets/js/695747ea.4952a501.js,1313,2961,4276
contest-en,trie,B,/assets/js/6b5a9dfa.cb737247.js,1325,2961,4288
contest-en,trie,B,/assets/js/588cd219.3fd746d9.js,1231,2961,4282
contest-en,trie,B,/assets/js/f0a0efe1.3e71d5a7.js,1994,2961,4302
contest-en,trie,B,/assets/js/39486e90.16622a5a.js,1413,2961,4305
contest-en,trie,B,/assets/js/6c5b8922.ffd383c8.js,1376,2962,4317
contest-en,trie,B,/assets/js/bd1ee143.c0e328d9.js,2060,2962,4325
contest-en,trie,B,/assets/js/f5c4b852.e598de58.js,1383,2962,4328
contest-en,trie,B,/assets/js/0a1c4072.09918145.js,1414,2963,4336
contest-en,trie,B,/assets/js/3a95fd66.4f360b28.js,1392,2963,4339
contest-en,trie,B,/assets/js/23e688d6.f31b3c9b.js,1534,2963,4348
contest-en,trie,B,/assets/js/f229f748.0611b12a.js,1349,2963,4353
contest-en,trie,B,/assets/js/b9170d19.77fec172.js,1906,2963,4360
contest-en,trie,B,/assets/js/e5df0adf.27cbc7d4.js,1592,2964,4362
contest-en,trie,B,/assets/js/966f0cca.01fdd047.js,1439,2964,4371
contest-en,trie,B,/assets/js/0c2b2562.d28b5732.js,1626,2964,4373
contest-en,trie,B,/assets/js/e8269fec.5430fb87.js,1636,2964,4382
contest-en,trie,B,/assets/js/6fafa77e.d827e920.js,1538,2965,4385
contest-en,trie,B,/assets/js/0ba205e1.8cac8210.js,1372,2965,4393
contest-en,trie,B,/assets/js/11a6e447.35c83dc4.js,1630,2965,4396
contest-en,trie,B,/assets/js/6f2afc85.7795a550.js,2587,2965,4405
contest-en,trie,B,/assets/js/edfbb242.1f6e6547.js,1721,2965,4407
contest-en,trie,B,/assets/js/c988a85e.74a5aa63.js,1388,2966,4416
contest-en,trie,B,/assets/js/b68518de.99bb4c72.js,1287,2966,4419
contest-en,trie,B,/assets/js/987db844.8e0be6da.js,1447,2966,4428
contest-en,trie,B,/assets/js/7a582b15.fce7597b.js,1670,2966,4433
contest-en,trie,B,/assets/js/2691968b.0504f940.js,1524,2966,4439
contest-en,trie,B,/assets/js/045d9d18.549dc688.js,1543,2967,4442
contest-en,trie,B,/assets/js/ed3a165e.cb31723f.js,1272,2967,4450
contest-en,trie,B,/assets/js/655d2cc1.1c685880.js,1289,2967,4454
contest-en,trie,B,/assets/js/f2c79a6e.311a7591.js,1402,2967,4463
contest-en,trie,B,/assets/js/affdbf97.a9b85e82.js,1329,2968,4468
contest-en,trie,B,/assets/js/467dcc91.9baee43d.js,1316,2968,4473
contest-en,trie,B,/assets/js/3ef5e2e7.fcc2fc99.js,1603,2968,4476
contest-en,trie,B,/assets/js/8398d371.a49c8708.js,1307,2968,4485
contest-en,trie,B,/assets/js/966d7901.d6804046.js,1335,2968,4488
contest-en,trie,B,/assets/js/ac0b0420.b7012b72.js,1385,2969,4497
contest-en,trie,B,/assets/js/7c6bb6a5.fc0da3e0.js,1332,2969,4499
contest-en,trie,B,/assets/js/3dd0c199.5ee005ce.js,1244,2969,4502
contest-en,trie,B,/assets/js/c2937a9d.39ba703e.js,1322,2969,4508
contest-en,trie,B,/assets/js/b7f7d26a.879ca0c2.js,1394,2969,4517
contest-en,trie,B,/assets/js/22b55f44.192efad9.js,1352,2970,4520
contest-en,trie,B,/assets/js/fe785eb3.6e5c38a4.js,1569,2970,4528
contest-en,trie,B,/assets/js/0b84458c.9a29f8ee.js,1378,2970,4534
contest-en,trie,B,/assets/js/c16cc89a.5d444b89.js,1267,2970,4540
contest-en,trie,B,/assets/js/cb6fa29b.7243c560.js,1351,2970,4542
contest-en,trie,B,/assets/js/2bb30232.0945b21c.js,1266,2971,4551
contest-en,trie,B,/assets/js/f61adf7a.ba24c23b.js,1342,2971,4553
contest-en,trie,B,/assets/js/d75e0885.f3f2441f.js,1236,2971,4556
contest-en,trie,B,/assets/js/b16b89bc.8c5f0582.js,1302,2971,4562
contest-en,trie,B,/assets/js/e10df803.3523876f.js,1277,2971,4571
contest-en,trie,B,/assets/js/8a8c04f1.b049d39d.js,1302,2972,4573
contest-en,trie,B,/assets/js/98aa3b14.454af12a.js,1291,2972,4582
contest-en,trie,B,/assets/js/78fcb039.e1b4cdbf.js,1296,2972,4588
contest-en,trie,B,/assets/js/10e1d188.faf9dd46.js,1237,2972,4586
contest-en,trie,B,/assets/js/8d789909.e67386b3.js,1266,2972,4593
contest-en,trie,B,/assets/js/50f95c55.82c19ede.js,1468,2973,4602
contest-en,trie,B,/assets/js/f43d9d49.29b94bc7.js,1474,2973,4605
contest-en,trie,B,/assets/js/43a8d774.96b5fe4f.js,1286,2973,4614
contest-en,trie,B,/assets/js/7b25f8c6.3fe83a6a.js,1298,2973,4619
contest-en,trie,B,/assets/js/9f988edf.afab7cf7.js,1613,2974,4626
contest-en,trie,B,/assets/js/bc639700.b5fe98bf.js,1276,2974,4631
contest-en,trie,B,/assets/js/31a7ce28.4c9c7026.js,1254,2974,4628
contest-en,trie,B,/assets/js/4d362dc9.0a2cf1be.js,1336,2974,4637
contest-en,trie,B,/assets/js/998f750d.f5fdfb7f.js,1316,2975,4645
contest-en,trie,B,/assets/js/03b6516c.e1513292.js,1241,2975,4643
contest-en,trie,B,/assets/js/2abf232f.8ba7ce81.js,1373,2975,4651
contest-en,trie,B,/assets/js/db5ef009.c9224033.js,1418,2975,4659
contest-en,trie,B,/assets/js/1e3f9552.7a0e0c29.js,1290,2976,4663
contest-en,trie,B,/assets/js/58cc6580.1084f96f.js,1558,2976,4674
contest-en,trie,B,/assets/js/9a8c4f9e.d7f36bdd.js,1387,2976,4677
contest-en,trie,B,/assets/js/5aac87be.f698efcb.js,1306,2976,4682
contest-en,trie,B,/assets/js/19d07ec2.15aa2480.js,1311,2976,4686
contest-en,trie,B,/assets/js/f6a35985.132307ca.js,1264,2977,4694
contest-en,trie,B,/assets/js/6f85f1ad.60e494a7.js,1291,2977,4697
contest-en,trie,B,/assets/js/06d0b49b.c2fe5429.js,1239,2977,4700
contest-en,trie,B,/assets/js/8c11af3e.fdce8df4.js,1256,2977,4703
contest-en,trie,B,/assets/js/056d4c08.f5227c37.js,1334,2977,4711
contest-en,trie,B,/assets/js/be23560f.88e5a81e.js,1376,2978,4720
contest-en,trie,B,/assets/js/0c8b6c4b.0e777017.js,1356,2978,4722
contest-en,trie,B,/assets/js/95109c98.2fa6a317.js,1372,2978,4734
contest-en,trie,B,/assets/js/b2e9a461.ea970613.js,1427,2978,4736
contest-en,trie,B,/assets/js/5e4675fa.ea9f8f65.js,1310,2978,4742
contest-en,trie,B,/assets/js/3488eb7b.1f492f7e.js,1358,2979,4745
contest-en,trie,B,/assets/js/4e83aca2.166bac99.js,1376,2979,4754
contest-en,trie,B,/assets/js/b0b4ec7d.0fd115d3.js,1206,2979,4752
contest-en,trie,B,/assets/js/897ab908.73715f11.js,1364,2979,4759
contest-en,trie,B,/assets/js/c62197ec.63ebca32.js,1297,2980,4765
contest-en,trie,B,/assets/js/df9119bb.51eddbe7.js,1258,2980,4774
contest-en,trie,B,/assets/js/0f48f00c.65867ba0.js,2114,2980,4776
contest-en,trie,B,/assets/js/9ddbd9d0.448b3729.js,1364,2980,4786
contest-en,trie,B,/assets/js/0740f902.b0324252.js,1335,2980,4791
contest-en,trie,B,/assets/js/d2cfe8d9.71092d6f.js,1248,2980,4788
contest-en,trie,B,/assets/js/9b223487.757ecd94.js,1194,2981,4794
contest-en,trie,B,/assets/js/73eb2f99.15f0e03c.js,1301,2981,4802
contest-en,trie,B,/assets/js/bf0fb1d5.e70d9f5f.js,1297,2981,4805
contest-en,trie,B,/assets/js/186342f8.ec7692fc.js,1282,2981,4811
contest-en,trie,B,/assets/js/0d5e7a04.01302680.js,1279,2981,4819
contest-en,trie,B,/assets/js/1067966e.6fa9b162.js,1739,2982,4826
contest-en,trie,B,/assets/js/3f0e8ad9.a8123e14.js,1357,2982,4831
contest-en,trie,B,/assets/js/7e6c2622.4475b58d.js,1317,2982,4837
contest-en,trie,B,/assets/js/97e6fc44.b80d39af.js,1335,2982,4843
contest-en,trie,B,/assets/js/aded9f52.b2d2911e.js,1378,2983,4848
contest-en,trie,B,/assets/js/bb3dfddb.ed515293.js,1375,2983,4851
contest-en,trie,B,/assets/js/6b7ca204.3e180d85.js,1332,2983,4859
contest-en,trie,B,/assets/js/d4562f76.18389c55.js,1496,2983,4862
contest-en,trie,B,/assets/js/4b970ea1.611b2d77.js,1409,2983,4871
contest-en,trie,B,/assets/js/ae46f6e7.014f9739.js,1277,2984,4874
contest-en,trie,B,/assets/js/c35dbcd9.811c9d6a.js,1276,2984,4883
contest-en,trie,B,/assets/js/ebfa4c7e.ac93ccc4.js,1305,2984,4888
contest-en,trie,B,/assets/js/8e6f6dbf.d0e22678.js,1413,2984,4894
contest-en,trie,B,/assets/js/1142.7aeffaad.js,111452,3339,4322
contest-en,trie,B,/assets/js/56506.f5b1edbc.js,107,3339,3390
contest-en,trie,B,/assets/js/56552.0c921019.js,107,3340,3427
mobile-zh-cpu4,home,A,/zh-Hans/assets/css/styles.acf339ae.css,432355,60,1547
mobile-zh-cpu4,home,A,/zh-Hans/assets/js/runtime~main.b6c415a0.js,27785,60,331
mobile-zh-cpu4,home,A,/zh-Hans/assets/js/main.fe0a5e44.js,252689,63,1209
mobile-zh-cpu4,home,A,/zh-Hans/img/logo.svg,39428,63,383
mobile-zh-cpu4,home,A,/zh-Hans/assets/js/5471.fb124ec7.js,706,1811,1859
mobile-zh-cpu4,home,A,/zh-Hans/img/logo.svg,39428,1825,1935
mobile-zh-cpu4,home,A,/zh-Hans/assets/js/22972.a0a0ea8b.js,6810,1933,1996
mobile-zh-cpu4,home,A,/zh-Hans/assets/js/26988.b22c7d24.js,2711,1935,1979
mobile-zh-cpu4,home,A,/zh-Hans/assets/js/1df93b7f.71358cbc.js,4382,1936,1994
mobile-zh-cpu4,home,A,/zh-Hans/assets/js/a7456010.95edc207.js,165,1937,1973
mobile-zh-cpu4,home,A,/zh-Hans/assets/fonts/inter-latin-700-normal-1104236696a5d2d1f236f40aa0c491d1.woff2,24314,1964,2314
mobile-zh-cpu4,home,A,/zh-Hans/assets/fonts/inter-latin-400-normal-eca1e21531598d5db58f56b3ba23a8cc.woff2,23667,1977,2305
mobile-zh-cpu4,home,A,/zh-Hans/assets/fonts/inter-latin-600-normal-69a8d1d484967aba2389ef57577b76be.woff2,24443,1989,2317
mobile-zh-cpu4,home,A,/zh-Hans/assets/fonts/inter-latin-500-normal-b7c27c60f848f2083f45be25012ce41d.woff2,24253,2030,2320
mobile-zh-cpu4,home,A,/zh-Hans/img/logo.svg,39428,2506,2606
mobile-zh-cpu4,home,A,/zh-Hans/assets/js/5e95c892.a0cebb3b.js,270,2527,2772
mobile-zh-cpu4,home,A,/zh-Hans/assets/js/aba21aa0.97e29771.js,164,2529,2773
mobile-zh-cpu4,home,A,/zh-Hans/assets/js/a7bd4aaa.148231b3.js,394,2530,2774
mobile-zh-cpu4,home,A,/zh-Hans/assets/js/eceef310.4b166d4c.js,32397,2532,3029
mobile-zh-cpu4,home,A,/zh-Hans/assets/js/a94703ab.23f5948f.js,570,2533,2777
mobile-zh-cpu4,home,A,/zh-Hans/assets/js/63fb9b7a.1a7c217a.js,4183,2541,2835
mobile-zh-cpu4,home,A,/zh-Hans/assets/js/594d4304.8a79d52b.js,10752,2568,2909
mobile-zh-cpu4,home,A,/zh-Hans/assets/js/1df93b7f.71358cbc.js,4382,2572,2852
mobile-zh-cpu4,home,A,/zh-Hans/assets/js/a7456010.95edc207.js,165,2573,2821
mobile-zh-cpu4,home,A,/zh-Hans/assets/js/88a1aa13.983561e3.js,4560,2588,2897
mobile-zh-cpu4,home,A,/zh-Hans/assets/js/36994c47.f8d8d8e4.js,165,2592,2889
mobile-zh-cpu4,home,A,/zh-Hans/assets/js/814f3328.f1aa3965.js,161,2592,2921
mobile-zh-cpu4,home,A,/zh-Hans/assets/js/33e65888.1c53eea5.js,1747,2594,2946
mobile-zh-cpu4,home,A,/zh-Hans/assets/js/4513f2cf.afe774c6.js,1236,2595,2944
mobile-zh-cpu4,home,A,/zh-Hans/assets/js/d5563711.1d8c8efc.js,1768,2596,2968
mobile-zh-cpu4,home,A,/zh-Hans/assets/js/ce087704.b9b04bdf.js,2005,2597,2991
mobile-zh-cpu4,home,A,/zh-Hans/assets/js/c4b0d5c3.7d89b853.js,1638,2598,2997
mobile-zh-cpu4,home,A,/zh-Hans/assets/js/b691f94e.bdb1a362.js,1629,2599,3017
mobile-zh-cpu4,home,A,/zh-Hans/assets/js/01f9c14d.be6e234e.js,1593,2600,3041
mobile-zh-cpu4,home,A,/zh-Hans/assets/js/9f7ba680.d2708b73.js,1808,2601,3043
mobile-zh-cpu4,home,A,/zh-Hans/assets/js/2edfd140.d5ddd4de.js,1695,2601,3063
mobile-zh-cpu4,home,A,/zh-Hans/assets/js/78504075.11980948.js,1690,2603,3075
mobile-zh-cpu4,home,A,/zh-Hans/assets/js/60a93ab7.67ab9233.js,1676,2604,3086
mobile-zh-cpu4,home,A,/zh-Hans/assets/js/0a7db8a8.497fcd9e.js,1648,2605,3089
mobile-zh-cpu4,home,A,/zh-Hans/assets/js/c012f30e.e5d0e0a8.js,1593,2606,3103
mobile-zh-cpu4,home,A,/zh-Hans/assets/js/b3f1d1fd.58cfb80d.js,1758,2607,3115
mobile-zh-cpu4,home,A,/zh-Hans/assets/js/318622b1.e635006e.js,1627,2608,3129
mobile-zh-cpu4,home,A,/zh-Hans/assets/js/6e4b00f9.52d3779a.js,1548,2608,3135
mobile-zh-cpu4,home,A,/zh-Hans/assets/js/0a03e093.772e1dae.js,1571,2610,3149
mobile-zh-cpu4,home,A,/zh-Hans/assets/js/fd67be4e.1ab6d452.js,1666,2610,3158
mobile-zh-cpu4,home,A,/zh-Hans/assets/js/97954ebd.886adc50.js,1683,2612,3172
mobile-zh-cpu4,home,A,/zh-Hans/assets/js/30a6f881.4dc048f6.js,1711,2612,3183
mobile-zh-cpu4,home,A,/zh-Hans/assets/js/90c48350.666004c8.js,1680,2614,3195
mobile-zh-cpu4,home,A,/zh-Hans/assets/js/1fdc07c7.7629aa84.js,1665,2615,3203
mobile-zh-cpu4,home,A,/zh-Hans/assets/js/f214ad1d.30d03ca3.js,1777,2616,3218
mobile-zh-cpu4,home,A,/zh-Hans/assets/js/0d7c09f5.c602328e.js,1650,2617,3230
mobile-zh-cpu4,home,A,/zh-Hans/assets/js/c6eb9c55.5d03ac15.js,1620,2617,3241
mobile-zh-cpu4,home,A,/zh-Hans/assets/js/1368dfea.1629e3e8.js,1567,2618,3249
mobile-zh-cpu4,home,A,/zh-Hans/assets/js/8f447190.f274f848.js,1586,2620,3263
mobile-zh-cpu4,home,A,/zh-Hans/assets/js/a493501a.0c3ca255.js,1695,2621,3272
mobile-zh-cpu4,home,A,/zh-Hans/assets/js/0a304243.060c672b.js,1633,2622,3286
mobile-zh-cpu4,home,A,/zh-Hans/assets/js/192f6b8b.f1af12a7.js,1617,2623,3295
mobile-zh-cpu4,home,A,/zh-Hans/assets/js/77251510.14f8d003.js,1682,2623,3309
mobile-zh-cpu4,home,A,/zh-Hans/assets/js/3465b717.923c5913.js,1639,2624,3318
mobile-zh-cpu4,home,A,/zh-Hans/assets/js/1ec54888.42b34169.js,1633,2625,3332
mobile-zh-cpu4,home,A,/zh-Hans/assets/js/aac3c7bb.a79b6f1e.js,1731,2625,3341
mobile-zh-cpu4,home,A,/zh-Hans/assets/js/2bb8de9a.9bfbfbd7.js,1679,2626,3355
mobile-zh-cpu4,home,A,/zh-Hans/assets/js/58e3a219.b6e2fdfd.js,1588,2626,3364
mobile-zh-cpu4,home,A,/zh-Hans/assets/js/7f8d7c69.4e1b9020.js,1545,2627,3378
mobile-zh-cpu4,home,A,/zh-Hans/assets/js/2483ec1c.afeca2ac.js,1689,2627,3387
mobile-zh-cpu4,home,A,/zh-Hans/assets/js/d3ffb731.d9073e0b.js,1749,2627,3401
mobile-zh-cpu4,home,A,/zh-Hans/assets/js/74606f37.20101b6f.js,1803,2629,3409
mobile-zh-cpu4,home,A,/zh-Hans/assets/js/ed7c8481.e7d9df03.js,1653,2629,3424
mobile-zh-cpu4,home,A,/zh-Hans/assets/js/f62a7ea7.de1c0b8e.js,1622,2629,3432
mobile-zh-cpu4,home,A,/zh-Hans/assets/js/b41e6c7a.bc1141f5.js,1544,2631,3447
mobile-zh-cpu4,home,A,/zh-Hans/assets/js/f8ad7ab2.00b344a2.js,1567,2632,3453
mobile-zh-cpu4,home,A,/zh-Hans/assets/js/c0e590af.e08680e0.js,1507,2632,3470
mobile-zh-cpu4,home,A,/zh-Hans/assets/js/695747ea.c7661d9c.js,1566,2633,3475
mobile-zh-cpu4,home,A,/zh-Hans/assets/js/6b5a9dfa.ad5ecc08.js,1589,2633,3492
mobile-zh-cpu4,home,A,/zh-Hans/assets/js/588cd219.45fa922e.js,1493,2634,3499
mobile-zh-cpu4,home,A,/zh-Hans/assets/js/f0a0efe1.991a58bf.js,1998,2635,3516
mobile-zh-cpu4,home,A,/zh-Hans/assets/js/39486e90.d8bb6fdd.js,1681,2635,3521
mobile-zh-cpu4,home,A,/zh-Hans/assets/js/6c5b8922.fb99cc8c.js,1637,2636,3539
mobile-zh-cpu4,home,A,/zh-Hans/assets/js/bd1ee143.eb50d40e.js,2064,2636,3543
mobile-zh-cpu4,home,A,/zh-Hans/assets/js/f5c4b852.6595ebc7.js,1652,2637,3561
mobile-zh-cpu4,home,A,/zh-Hans/assets/js/0a1c4072.e42ed907.js,1684,2638,3567
mobile-zh-cpu4,home,A,/zh-Hans/assets/js/3a95fd66.d2a79c46.js,1655,2639,3584
mobile-zh-cpu4,home,A,/zh-Hans/assets/js/23e688d6.e6021256.js,1808,2639,3590
mobile-zh-cpu4,home,A,/zh-Hans/assets/js/f229f748.d6cd1475.js,1617,2639,3638
mobile-zh-cpu4,home,A,/zh-Hans/assets/js/b9170d19.73c6d6f4.js,1907,2640,3650
mobile-zh-cpu4,home,A,/zh-Hans/assets/js/e5df0adf.b633dd5c.js,1594,2641,3664
mobile-zh-cpu4,home,A,/zh-Hans/assets/js/966f0cca.74dee53c.js,1710,2641,3687
mobile-zh-cpu4,home,A,/zh-Hans/assets/js/0c2b2562.29b8ddb0.js,1627,2642,3698
mobile-zh-cpu4,home,A,/zh-Hans/assets/js/e8269fec.5d19cc66.js,1640,2643,3713
mobile-zh-cpu4,home,A,/zh-Hans/assets/js/6fafa77e.ffefdfa2.js,1548,2643,3736
mobile-zh-cpu4,home,A,/zh-Hans/assets/js/0ba205e1.b8b3672b.js,1642,2644,3750
mobile-zh-cpu4,home,A,/zh-Hans/assets/js/11a6e447.cbb0a1f4.js,1634,2644,3761
mobile-zh-cpu4,home,A,/zh-Hans/assets/js/6f2afc85.6284d837.js,2588,2645,3782
mobile-zh-cpu4,home,A,/zh-Hans/assets/js/edfbb242.f844419e.js,1716,2647,3799
mobile-zh-cpu4,home,A,/zh-Hans/assets/js/c988a85e.cd4a1947.js,1655,2647,3810
mobile-zh-cpu4,home,A,/zh-Hans/assets/js/b68518de.585a9947.js,1553,2648,3827
mobile-zh-cpu4,home,A,/zh-Hans/assets/js/987db844.b3dd4a8e.js,1452,2649,3847
mobile-zh-cpu4,home,A,/zh-Hans/assets/js/7a582b15.49c48d55.js,1681,2650,3859
mobile-zh-cpu4,home,A,/zh-Hans/assets/js/2691968b.93ec8b8b.js,1527,2650,3873
mobile-zh-cpu4,home,A,/zh-Hans/assets/js/045d9d18.7aae771a.js,1547,2651,3896
mobile-zh-cpu4,home,A,/zh-Hans/assets/js/ed3a165e.efa341be.js,1533,2652,3907
mobile-zh-cpu4,home,A,/zh-Hans/assets/js/655d2cc1.1d284559.js,1548,2652,3922
mobile-zh-cpu4,home,A,/zh-Hans/assets/js/f2c79a6e.c914e9df.js,1676,2653,3945
mobile-zh-cpu4,home,A,/zh-Hans/assets/js/affdbf97.c19809a9.js,1598,2653,3956
mobile-zh-cpu4,home,A,/zh-Hans/assets/js/467dcc91.81ce372a.js,1578,2654,3971
mobile-zh-cpu4,home,A,/zh-Hans/assets/js/3ef5e2e7.80269d3f.js,1609,2655,3993
mobile-zh-cpu4,home,A,/zh-Hans/assets/js/8398d371.5c1cf09d.js,1570,2655,4005
mobile-zh-cpu4,home,A,/zh-Hans/assets/js/966d7901.0ae6261d.js,1606,2656,4018
mobile-zh-cpu4,home,A,/zh-Hans/assets/js/ac0b0420.778946c2.js,1656,2656,4042
mobile-zh-cpu4,home,A,/zh-Hans/assets/js/7c6bb6a5.e4761817.js,1589,2657,4053
mobile-zh-cpu4,home,A,/zh-Hans/assets/js/3dd0c199.e89b8695.js,1511,2658,4068
mobile-zh-cpu4,home,A,/zh-Hans/assets/js/c2937a9d.e01fd75a.js,1587,2658,4090
mobile-zh-cpu4,home,A,/zh-Hans/assets/js/b7f7d26a.5e3c4ac7.js,1669,2658,4102
mobile-zh-cpu4,home,A,/zh-Hans/assets/js/22b55f44.a02aedc7.js,1621,2659,4117
mobile-zh-cpu4,home,A,/zh-Hans/assets/js/fe785eb3.c68b7628.js,1571,2660,4139
mobile-zh-cpu4,home,A,/zh-Hans/assets/js/0b84458c.0e7d9deb.js,1647,2661,4150
mobile-zh-cpu4,home,A,/zh-Hans/assets/js/c16cc89a.d71d0af6.js,1526,2662,4164
mobile-zh-cpu4,home,A,/zh-Hans/assets/js/cb6fa29b.d9dab689.js,1616,2662,4188
mobile-zh-cpu4,home,A,/zh-Hans/assets/js/2bb30232.a0e1653e.js,1531,2663,4202
mobile-zh-cpu4,home,A,/zh-Hans/assets/js/f61adf7a.dcd45360.js,1612,2663,4214
mobile-zh-cpu4,home,A,/zh-Hans/assets/js/d75e0885.35d891ce.js,1505,2664,4237
mobile-zh-cpu4,home,A,/zh-Hans/assets/js/b16b89bc.f1180cfb.js,1572,2665,4250
mobile-zh-cpu4,home,A,/zh-Hans/assets/js/e10df803.f822b1a5.js,1533,2666,4262
mobile-zh-cpu4,home,A,/zh-Hans/assets/js/8a8c04f1.bbae2f1f.js,1565,2666,4282
mobile-zh-cpu4,home,A,/zh-Hans/assets/js/98aa3b14.6a5a9e3d.js,1560,2668,4299
mobile-zh-cpu4,home,A,/zh-Hans/assets/js/78fcb039.0ad585ed.js,1559,2668,4311
mobile-zh-cpu4,home,A,/zh-Hans/assets/js/10e1d188.6be2b5e8.js,1501,2668,4328
mobile-zh-cpu4,home,A,/zh-Hans/assets/js/8d789909.14ac551d.js,1530,2668,4348
mobile-zh-cpu4,home,A,/zh-Hans/assets/js/50f95c55.aa46c70c.js,1474,2670,4360
mobile-zh-cpu4,home,A,/zh-Hans/assets/js/f43d9d49.20df7617.js,1480,2671,4374
mobile-zh-cpu4,home,A,/zh-Hans/assets/js/43a8d774.90339801.js,1546,2671,4396
mobile-zh-cpu4,home,A,/zh-Hans/assets/js/7b25f8c6.a77544cc.js,1564,2672,4408
mobile-zh-cpu4,home,A,/zh-Hans/assets/js/9f988edf.bab5f6e5.js,1618,2673,4422
mobile-zh-cpu4,home,A,/zh-Hans/assets/js/bc639700.70733435.js,1543,2674,4445
mobile-zh-cpu4,home,A,/zh-Hans/assets/js/31a7ce28.078650af.js,1521,2675,4456
mobile-zh-cpu4,home,A,/zh-Hans/assets/js/4d362dc9.b2c2f593.js,1602,2676,4471
mobile-zh-cpu4,home,A,/zh-Hans/assets/js/998f750d.a41629ac.js,1576,2677,4493
mobile-zh-cpu4,home,A,/zh-Hans/assets/js/03b6516c.82a100bb.js,1501,2677,4508
mobile-zh-cpu4,home,A,/zh-Hans/assets/js/2abf232f.eac614c3.js,1638,2678,4519
mobile-zh-cpu4,home,A,/zh-Hans/assets/js/db5ef009.5e34ea7d.js,1687,2678,4540
mobile-zh-cpu4,home,A,/zh-Hans/assets/js/1e3f9552.4fb7defc.js,1552,2678,4557
mobile-zh-cpu4,home,A,/zh-Hans/assets/js/58cc6580.8e92027c.js,1558,2679,4568
mobile-zh-cpu4,home,A,/zh-Hans/assets/js/9a8c4f9e.4818d639.js,1656,2680,4585
mobile-zh-cpu4,home,A,/zh-Hans/assets/js/5aac87be.4accd550.js,1573,2681,4600
mobile-zh-cpu4,home,A,/zh-Hans/assets/js/19d07ec2.ab321d21.js,1579,2681,4608
mobile-zh-cpu4,home,A,/zh-Hans/assets/js/f6a35985.680d2b20.js,1528,2682,4623
mobile-zh-cpu4,home,A,/zh-Hans/assets/js/6f85f1ad.a32b0669.js,1546,2682,4631
mobile-zh-cpu4,home,A,/zh-Hans/assets/js/06d0b49b.f130d65f.js,1499,2683,4646
mobile-zh-cpu4,home,A,/zh-Hans/assets/js/8c11af3e.8ae445d9.js,1522,2683,4654
mobile-zh-cpu4,home,A,/zh-Hans/assets/js/056d4c08.30257414.js,1610,2684,4669
mobile-zh-cpu4,home,A,/zh-Hans/assets/js/be23560f.16037e98.js,1650,2685,4677
mobile-zh-cpu4,home,A,/zh-Hans/assets/js/0c8b6c4b.b8624799.js,1626,2685,4691
mobile-zh-cpu4,home,A,/zh-Hans/assets/js/95109c98.98ec29c4.js,1638,2686,4699
mobile-zh-cpu4,home,A,/zh-Hans/assets/js/b2e9a461.53f0937b.js,1436,2686,4714
mobile-zh-cpu4,home,A,/zh-Hans/assets/js/5e4675fa.482f06d4.js,1573,2687,4723
mobile-zh-cpu4,home,A,/zh-Hans/assets/js/3488eb7b.b3c7c2ea.js,1622,2688,4737
mobile-zh-cpu4,home,A,/zh-Hans/assets/js/4e83aca2.b109e95a.js,1646,2689,4743
mobile-zh-cpu4,home,A,/zh-Hans/assets/js/b0b4ec7d.85e7be22.js,1475,2689,4760
mobile-zh-cpu4,home,A,/zh-Hans/assets/js/897ab908.9b2295ef.js,1635,2690,4765
mobile-zh-cpu4,home,A,/zh-Hans/assets/js/c62197ec.b2bbf223.js,1559,2691,4783
mobile-zh-cpu4,home,A,/zh-Hans/assets/js/df9119bb.33e389ba.js,1516,2692,4788
mobile-zh-cpu4,home,A,/zh-Hans/assets/js/0f48f00c.c3c4afce.js,2116,2692,4805
mobile-zh-cpu4,home,A,/zh-Hans/assets/js/9ddbd9d0.92373cf7.js,1630,2694,4811
mobile-zh-cpu4,home,A,/zh-Hans/assets/js/0740f902.2cfbf27b.js,1601,2695,4829
mobile-zh-cpu4,home,A,/zh-Hans/assets/js/d2cfe8d9.bdf88e23.js,1515,2695,4835
mobile-zh-cpu4,home,A,/zh-Hans/assets/js/9b223487.32914042.js,1455,2696,4851
mobile-zh-cpu4,home,A,/zh-Hans/assets/js/73eb2f99.e62a597e.js,1566,2696,4857
mobile-zh-cpu4,home,A,/zh-Hans/assets/js/bf0fb1d5.00be0cdb.js,1560,2697,4880
mobile-zh-cpu4,home,A,/zh-Hans/assets/js/186342f8.08a4a1e7.js,1549,2697,4888
mobile-zh-cpu4,home,A,/zh-Hans/assets/js/0d5e7a04.31a7c5c8.js,1547,2699,4897
mobile-zh-cpu4,home,A,/zh-Hans/assets/js/1067966e.ec004e1f.js,1746,2699,4900
mobile-zh-cpu4,home,A,/zh-Hans/assets/js/3f0e8ad9.91477938.js,1627,2701,4917
mobile-zh-cpu4,home,A,/zh-Hans/assets/js/7e6c2622.1f6a0ec5.js,1586,2702,4932
mobile-zh-cpu4,home,A,/zh-Hans/assets/js/97e6fc44.aa13c06f.js,1598,2704,4943
mobile-zh-cpu4,home,A,/zh-Hans/assets/js/aded9f52.3707e457.js,1648,2704,4946
mobile-zh-cpu4,home,A,/zh-Hans/assets/js/bb3dfddb.7da63958.js,1637,2706,4961
mobile-zh-cpu4,home,A,/zh-Hans/assets/js/6b7ca204.b550044a.js,1601,2706,4971
mobile-zh-cpu4,home,A,/zh-Hans/assets/js/d4562f76.714d3c53.js,1504,2707,4986
mobile-zh-cpu4,home,A,/zh-Hans/assets/js/4b970ea1.35fb39e5.js,1682,2708,4992
mobile-zh-cpu4,home,A,/zh-Hans/assets/js/ae46f6e7.72b32bf2.js,1539,2709,5006
mobile-zh-cpu4,home,A,/zh-Hans/assets/js/c35dbcd9.ff32a490.js,1543,2711,5014
mobile-zh-cpu4,home,A,/zh-Hans/assets/js/ebfa4c7e.7bb3598c.js,1568,2712,5029
mobile-zh-cpu4,home,A,/zh-Hans/assets/js/8e6f6dbf.30654e4d.js,1683,2713,5037
mobile-zh-cpu4,home,A,/zh-Hans/assets/js/f17b6b44.7ae5e83f.js,1700,2713,5052
mobile-zh-cpu4,home,A,/zh-Hans/assets/js/d5317537.84ee331d.js,1582,2714,5063
mobile-zh-cpu4,home,A,/zh-Hans/assets/js/be3a94bc.a1ed4fef.js,1659,2715,5074
mobile-zh-cpu4,home,A,/zh-Hans/assets/js/d916f95c.a6494620.js,1621,2715,5083
mobile-zh-cpu4,home,A,/zh-Hans/assets/js/8ad1daeb.f90366ac.js,1537,2717,5097
mobile-zh-cpu4,home,A,/zh-Hans/assets/js/f2c12d88.b72d87b3.js,1631,2717,5108
mobile-zh-cpu4,home,A,/zh-Hans/assets/js/7e79c49a.d0d624e5.js,1590,2718,5120
mobile-zh-cpu4,home,A,/zh-Hans/assets/js/41df52d9.a20c8bed.js,1543,2719,5129
mobile-zh-cpu4,home,A,/zh-Hans/assets/js/55c6d50b.5697e9cc.js,1558,2720,5144
mobile-zh-cpu4,home,A,/zh-Hans/assets/js/b42abfab.204f6b99.js,1575,2720,5155
mobile-zh-cpu4,home,A,/zh-Hans/assets/js/8854639a.392fb87b.js,1592,2721,5166
mobile-zh-cpu4,home,A,/zh-Hans/assets/js/2626ded7.10388e56.js,1646,2722,5175
mobile-zh-cpu4,home,A,/zh-Hans/assets/js/381ee3ae.ca148aae.js,1698,2722,5190
mobile-zh-cpu4,home,A,/zh-Hans/assets/js/aa634c0a.8af8b86f.js,1493,2723,5198
mobile-zh-cpu4,home,A,/zh-Hans/assets/js/8f1e6d33.7ac2a1ab.js,1654,2724,5211
mobile-zh-cpu4,home,A,/zh-Hans/assets/js/8cb5d721.1f774841.js,1589,2725,5220
mobile-zh-cpu4,home,A,/zh-Hans/assets/js/c7b964fc.9cd908ad.js,1721,2726,5235
mobile-zh-cpu4,home,A,/zh-Hans/assets/js/208a8bb3.4c9bdf96.js,1519,2727,5246
mobile-zh-cpu4,home,A,/zh-Hans/assets/js/bfa71dc8.f92e1806.js,1519,2727,5258
mobile-zh-cpu4,home,A,/zh-Hans/assets/js/08765e37.0a0e5a4d.js,233,2728,5255
mobile-zh-cpu4,home,A,/zh-Hans/img/favicon.ico,0,2956,2963
mobile-zh-cpu4,home,A,/zh-Hans/assets/js/1142.7aeffaad.js,111452,3543,4576
mobile-zh-cpu4,home,A,/zh-Hans/assets/js/56506.f5b1edbc.js,107,3544,3602
mobile-zh-cpu4,home,A,/zh-Hans/assets/js/56552.0c921019.js,107,3546,3616
mobile-zh-cpu4,home,B,/zh-Hans/assets/css/styles.99111583.css,62973,84,461
mobile-zh-cpu4,home,B,/zh-Hans/assets/js/runtime~main.1203b573.js,24814,85,324
mobile-zh-cpu4,home,B,/zh-Hans/assets/js/main.ed744a48.js,253494,86,1073
mobile-zh-cpu4,home,B,/zh-Hans/img/logo.svg,22395,86,295
mobile-zh-cpu4,home,B,/zh-Hans/img/logo.svg,22395,538,933
mobile-zh-cpu4,home,B,/zh-Hans/assets/fonts/inter-latin-700-normal-1104236696a5d2d1f236f40aa0c491d1.woff2,24314,556,944
mobile-zh-cpu4,home,B,/zh-Hans/assets/fonts/inter-latin-400-normal-eca1e21531598d5db58f56b3ba23a8cc.woff2,23667,568,930
mobile-zh-cpu4,home,B,/zh-Hans/assets/fonts/inter-latin-600-normal-69a8d1d484967aba2389ef57577b76be.woff2,24443,581,947
mobile-zh-cpu4,home,B,/zh-Hans/assets/fonts/inter-latin-500-normal-b7c27c60f848f2083f45be25012ce41d.woff2,24253,598,951
mobile-zh-cpu4,home,B,/zh-Hans/assets/js/5471.fb124ec7.js,706,1274,1303
mobile-zh-cpu4,home,B,/zh-Hans/assets/js/22972.a0a0ea8b.js,6810,1367,1431
mobile-zh-cpu4,home,B,/zh-Hans/assets/js/26988.b22c7d24.js,2711,1368,1414
mobile-zh-cpu4,home,B,/zh-Hans/assets/js/1df93b7f.71358cbc.js,4382,1370,1427
mobile-zh-cpu4,home,B,/zh-Hans/assets/js/a7456010.95edc207.js,165,1371,1408
mobile-zh-cpu4,home,B,/zh-Hans/img/logo.svg,22395,1753,1822
mobile-zh-cpu4,home,B,/zh-Hans/assets/js/5e95c892.a0cebb3b.js,270,1865,2066
mobile-zh-cpu4,home,B,/zh-Hans/assets/js/aba21aa0.97e29771.js,164,1865,2068
mobile-zh-cpu4,home,B,/zh-Hans/assets/js/a7bd4aaa.148231b3.js,394,1867,2080
mobile-zh-cpu4,home,B,/zh-Hans/assets/js/eceef310.4b166d4c.js,32397,1868,2321
mobile-zh-cpu4,home,B,/zh-Hans/assets/js/a94703ab.23f5948f.js,570,1869,2088
mobile-zh-cpu4,home,B,/zh-Hans/assets/js/17896441.2c755304.js,18385,1874,2234
mobile-zh-cpu4,home,B,/zh-Hans/assets/js/594d4304.8a79d52b.js,10752,1875,2186
mobile-zh-cpu4,home,B,/zh-Hans/assets/js/a6aa9e1f.fac7cffb.js,8530,1878,2169
mobile-zh-cpu4,home,B,/zh-Hans/assets/js/36994c47.f8d8d8e4.js,165,1878,2115
mobile-zh-cpu4,home,B,/zh-Hans/assets/js/814f3328.f1aa3965.js,161,1879,2123
mobile-zh-cpu4,home,B,/zh-Hans/assets/js/33e65888.1c53eea5.js,1747,1880,2166
mobile-zh-cpu4,home,B,/zh-Hans/assets/js/4513f2cf.afe774c6.js,1236,1880,2161
mobile-zh-cpu4,home,B,/zh-Hans/assets/js/d5563711.5ee7ddd2.js,1503,1882,2207
mobile-zh-cpu4,home,B,/zh-Hans/assets/js/ce087704.b9b04bdf.js,2005,1882,2212
mobile-zh-cpu4,home,B,/zh-Hans/assets/js/c4b0d5c3.7d89b853.js,1638,1883,2217
mobile-zh-cpu4,home,B,/zh-Hans/assets/js/b691f94e.b9d281fa.js,1372,1889,2229
mobile-zh-cpu4,home,B,/zh-Hans/assets/js/01f9c14d.be6e234e.js,1593,1890,2246
mobile-zh-cpu4,home,B,/zh-Hans/assets/js/9f7ba680.49dfe899.js,1544,1890,2255
mobile-zh-cpu4,home,B,/zh-Hans/assets/js/2edfd140.275540c6.js,1439,1890,2258
mobile-zh-cpu4,home,B,/zh-Hans/assets/js/78504075.11980948.js,1690,1891,2269
mobile-zh-cpu4,home,B,/zh-Hans/assets/js/60a93ab7.a7ad899d.js,1416,1892,2275
mobile-zh-cpu4,home,B,/zh-Hans/assets/js/0a7db8a8.b7418b4f.js,1388,1892,2286
mobile-zh-cpu4,home,B,/zh-Hans/assets/js/c012f30e.7cf9fb39.js,1340,1892,2294
mobile-zh-cpu4,home,B,/zh-Hans/assets/js/b3f1d1fd.58cfb80d.js,1758,1893,2298
mobile-zh-cpu4,home,B,/zh-Hans/assets/js/318622b1.e635006e.js,1627,1894,2309
mobile-zh-cpu4,home,B,/zh-Hans/assets/js/6e4b00f9.f7550892.js,1295,1895,2315
mobile-zh-cpu4,home,B,/zh-Hans/assets/js/0a03e093.6dd5422d.js,1320,1896,2326
mobile-zh-cpu4,home,B,/zh-Hans/assets/js/fd67be4e.1ab6d452.js,1666,1896,2332
mobile-zh-cpu4,home,B,/zh-Hans/assets/js/97954ebd.3c44ca93.js,1424,1897,2335
mobile-zh-cpu4,home,B,/zh-Hans/assets/js/30a6f881.5566e11d.js,1450,1897,2343
mobile-zh-cpu4,home,B,/zh-Hans/assets/js/90c48350.b32344b6.js,1420,1897,2346
mobile-zh-cpu4,home,B,/zh-Hans/assets/js/1fdc07c7.9ed54ed6.js,1407,1898,2355
mobile-zh-cpu4,home,B,/zh-Hans/assets/js/f214ad1d.30d03ca3.js,1777,1899,2357
mobile-zh-cpu4,home,B,/zh-Hans/assets/js/0d7c09f5.fa430e49.js,1389,1899,2367
mobile-zh-cpu4,home,B,/zh-Hans/assets/js/c6eb9c55.5a789951.js,1368,1899,2369
mobile-zh-cpu4,home,B,/zh-Hans/assets/js/1368dfea.ce068430.js,1317,1900,2377
mobile-zh-cpu4,home,B,/zh-Hans/assets/js/8f447190.f274f848.js,1586,1901,2381
mobile-zh-cpu4,home,B,/zh-Hans/assets/js/a493501a.20ffcb6a.js,1437,1902,2388
mobile-zh-cpu4,home,B,/zh-Hans/assets/js/0a304243.480a24d3.js,1382,1903,2392
mobile-zh-cpu4,home,B,/zh-Hans/assets/js/192f6b8b.643623e9.js,1364,1904,2400
mobile-zh-cpu4,home,B,/zh-Hans/assets/js/77251510.80998361.js,1430,1905,2404
mobile-zh-cpu4,home,B,/zh-Hans/assets/js/3465b717.c5597d43.js,1380,1905,2412
mobile-zh-cpu4,home,B,/zh-Hans/assets/js/1ec54888.42b34169.js,1633,1906,2418
mobile-zh-cpu4,home,B,/zh-Hans/assets/js/aac3c7bb.6917f3ba.js,1478,1907,2424
mobile-zh-cpu4,home,B,/zh-Hans/assets/js/2bb8de9a.9bfbfbd7.js,1679,1907,2430
mobile-zh-cpu4,home,B,/zh-Hans/assets/js/58e3a219.b6e2fdfd.js,1588,1908,2435
mobile-zh-cpu4,home,B,/zh-Hans/assets/js/7f8d7c69.4e1b9020.js,1545,1909,2440
mobile-zh-cpu4,home,B,/zh-Hans/assets/js/2483ec1c.0f4eeede.js,1424,1910,2444
mobile-zh-cpu4,home,B,/zh-Hans/assets/js/d3ffb731.d9073e0b.js,1749,1910,2452
mobile-zh-cpu4,home,B,/zh-Hans/assets/js/74606f37.20101b6f.js,1803,1911,2455
mobile-zh-cpu4,home,B,/zh-Hans/assets/js/ed7c8481.6c2a49f7.js,1397,1911,2464
mobile-zh-cpu4,home,B,/zh-Hans/assets/js/f62a7ea7.1644dbc3.js,1373,1912,2466
mobile-zh-cpu4,home,B,/zh-Hans/assets/js/b41e6c7a.8b0cabdc.js,1291,1913,2475
mobile-zh-cpu4,home,B,/zh-Hans/assets/js/f8ad7ab2.2e4e818a.js,1312,1914,2477
mobile-zh-cpu4,home,B,/zh-Hans/assets/js/c0e590af.e08680e0.js,1507,1914,2486
mobile-zh-cpu4,home,B,/zh-Hans/assets/js/695747ea.e4f5d520.js,1323,1915,2489
mobile-zh-cpu4,home,B,/zh-Hans/assets/js/6b5a9dfa.95644aec.js,1338,1916,2498
mobile-zh-cpu4,home,B,/zh-Hans/assets/js/588cd219.4def1d4c.js,1248,1917,2495
mobile-zh-cpu4,home,B,/zh-Hans/assets/js/f0a0efe1.991a58bf.js,1998,1917,2507
mobile-zh-cpu4,home,B,/zh-Hans/assets/js/39486e90.e161d1d1.js,1422,1917,2509
mobile-zh-cpu4,home,B,/zh-Hans/assets/js/6c5b8922.be440bfc.js,1385,1919,2518
mobile-zh-cpu4,home,B,/zh-Hans/assets/js/bd1ee143.eb50d40e.js,2064,1919,2520
mobile-zh-cpu4,home,B,/zh-Hans/assets/js/f5c4b852.1287f3b3.js,1393,1922,2530
mobile-zh-cpu4,home,B,/zh-Hans/assets/js/0a1c4072.a9f2c894.js,1424,1923,2532
mobile-zh-cpu4,home,B,/zh-Hans/assets/js/3a95fd66.edc1657e.js,1402,1924,2541
mobile-zh-cpu4,home,B,/zh-Hans/assets/js/23e688d6.6f8379ce.js,1550,1924,2543
mobile-zh-cpu4,home,B,/zh-Hans/assets/js/f229f748.e764165d.js,1358,1925,2552
mobile-zh-cpu4,home,B,/zh-Hans/assets/js/b9170d19.73c6d6f4.js,1907,1925,2555
mobile-zh-cpu4,home,B,/zh-Hans/assets/js/e5df0adf.b633dd5c.js,1594,1926,2563
mobile-zh-cpu4,home,B,/zh-Hans/assets/js/966f0cca.daf6d748.js,1448,1926,2567
mobile-zh-cpu4,home,B,/zh-Hans/assets/js/0c2b2562.29b8ddb0.js,1627,1926,2575
mobile-zh-cpu4,home,B,/zh-Hans/assets/js/e8269fec.5d19cc66.js,1640,1927,2578
mobile-zh-cpu4,home,B,/zh-Hans/assets/js/6fafa77e.ffefdfa2.js,1548,1928,2587
mobile-zh-cpu4,home,B,/zh-Hans/assets/js/0ba205e1.8529e583.js,1384,1928,2590
mobile-zh-cpu4,home,B,/zh-Hans/assets/js/11a6e447.cbb0a1f4.js,1634,1929,2597
mobile-zh-cpu4,home,B,/zh-Hans/assets/js/6f2afc85.6284d837.js,2588,1929,2601
mobile-zh-cpu4,home,B,/zh-Hans/assets/js/edfbb242.f844419e.js,1716,1930,2609
mobile-zh-cpu4,home,B,/zh-Hans/assets/js/c988a85e.c8e41f53.js,1395,1930,2613
mobile-zh-cpu4,home,B,/zh-Hans/assets/js/b68518de.0a2d8fc5.js,1299,1931,2621
mobile-zh-cpu4,home,B,/zh-Hans/assets/js/987db844.b3dd4a8e.js,1452,1932,2626
mobile-zh-cpu4,home,B,/zh-Hans/assets/js/7a582b15.49c48d55.js,1681,1933,2632
mobile-zh-cpu4,home,B,/zh-Hans/assets/js/2691968b.93ec8b8b.js,1527,1933,2636
mobile-zh-cpu4,home,B,/zh-Hans/assets/js/045d9d18.7aae771a.js,1547,1934,2643
mobile-zh-cpu4,home,B,/zh-Hans/assets/js/ed3a165e.cf841d58.js,1285,1934,2646
mobile-zh-cpu4,home,B,/zh-Hans/assets/js/655d2cc1.3d64cf0a.js,1301,1935,2655
mobile-zh-cpu4,home,B,/zh-Hans/assets/js/f2c79a6e.9acfb03f.js,1413,1935,2658
mobile-zh-cpu4,home,B,/zh-Hans/assets/js/affdbf97.2763d354.js,1340,1936,2666
mobile-zh-cpu4,home,B,/zh-Hans/assets/js/467dcc91.97fe281c.js,1325,1936,2669
mobile-zh-cpu4,home,B,/zh-Hans/assets/js/3ef5e2e7.80269d3f.js,1609,1938,2678
mobile-zh-cpu4,home,B,/zh-Hans/assets/js/8398d371.9bde035b.js,1312,1939,2681
mobile-zh-cpu4,home,B,/zh-Hans/assets/js/966d7901.fc54bd95.js,1346,1939,2689
mobile-zh-cpu4,home,B,/zh-Hans/assets/js/ac0b0420.22d9bc05.js,1395,1940,2692
mobile-zh-cpu4,home,B,/zh-Hans/assets/js/7c6bb6a5.608d1d73.js,1340,1940,2701
mobile-zh-cpu4,home,B,/zh-Hans/assets/js/3dd0c199.a8b01b16.js,1256,1940,2699
mobile-zh-cpu4,home,B,/zh-Hans/assets/js/c2937a9d.8afdfa9f.js,1334,1941,2709
mobile-zh-cpu4,home,B,/zh-Hans/assets/js/b7f7d26a.7ffaa0fd.js,1408,1942,2712
mobile-zh-cpu4,home,B,/zh-Hans/assets/js/22b55f44.755b82c8.js,1365,1942,2720
mobile-zh-cpu4,home,B,/zh-Hans/assets/js/fe785eb3.c68b7628.js,1571,1943,2723
mobile-zh-cpu4,home,B,/zh-Hans/assets/js/0b84458c.ee00c42d.js,1387,1943,2733
mobile-zh-cpu4,home,B,/zh-Hans/assets/js/c16cc89a.819d78bd.js,1275,1943,2735
mobile-zh-cpu4,home,B,/zh-Hans/assets/js/cb6fa29b.0e39db40.js,1360,1944,2743
mobile-zh-cpu4,home,B,/zh-Hans/assets/js/2bb30232.19e91c14.js,1276,1944,2749
mobile-zh-cpu4,home,B,/zh-Hans/assets/js/f61adf7a.de423588.js,1357,1945,2755
mobile-zh-cpu4,home,B,/zh-Hans/assets/js/d75e0885.0fd85f08.js,1254,1946,2753
mobile-zh-cpu4,home,B,/zh-Hans/assets/js/b16b89bc.fe1b459d.js,1316,1947,2764
mobile-zh-cpu4,home,B,/zh-Hans/assets/js/e10df803.5ff8e42c.js,1288,1948,2767
mobile-zh-cpu4,home,B,/zh-Hans/assets/js/8a8c04f1.0a481886.js,1312,1948,2775
mobile-zh-cpu4,home,B,/zh-Hans/assets/js/98aa3b14.d4d2fe8b.js,1304,1949,2781
mobile-zh-cpu4,home,B,/zh-Hans/assets/js/78fcb039.34ad0d61.js,1307,1949,2786
mobile-zh-cpu4,home,B,/zh-Hans/assets/js/10e1d188.5b51dd0b.js,1250,1950,2802
mobile-zh-cpu4,home,B,/zh-Hans/assets/js/8d789909.32604fdf.js,1285,1950,2815
mobile-zh-cpu4,home,B,/zh-Hans/assets/js/50f95c55.aa46c70c.js,1474,1951,2821
mobile-zh-cpu4,home,B,/zh-Hans/assets/js/f43d9d49.20df7617.js,1480,1952,2835
mobile-zh-cpu4,home,B,/zh-Hans/assets/js/43a8d774.a915d5e2.js,1295,1952,2838
mobile-zh-cpu4,home,B,/zh-Hans/assets/js/7b25f8c6.33ad05c2.js,1308,1953,2844
mobile-zh-cpu4,home,B,/zh-Hans/assets/js/9f988edf.bab5f6e5.js,1618,1954,2856
mobile-zh-cpu4,home,B,/zh-Hans/assets/js/bc639700.861ecef1.js,1289,1955,2861
mobile-zh-cpu4,home,B,/zh-Hans/assets/js/31a7ce28.f05f3468.js,1267,1956,2875
mobile-zh-cpu4,home,B,/zh-Hans/assets/js/4d362dc9.9ae86880.js,1344,1956,2881
mobile-zh-cpu4,home,B,/zh-Hans/assets/js/998f750d.b05f1f63.js,1326,1957,2884
mobile-zh-cpu4,home,B,/zh-Hans/assets/js/03b6516c.547700f8.js,1252,1958,2888
mobile-zh-cpu4,home,B,/zh-Hans/assets/js/2abf232f.fa37307a.js,1385,1958,2898
mobile-zh-cpu4,home,B,/zh-Hans/assets/js/db5ef009.474dfa45.js,1427,1958,2912
mobile-zh-cpu4,home,B,/zh-Hans/assets/js/1e3f9552.3b331d4f.js,1302,1959,2925
mobile-zh-cpu4,home,B,/zh-Hans/assets/js/58cc6580.8e92027c.js,1558,1959,2927
mobile-zh-cpu4,home,B,/zh-Hans/assets/js/9a8c4f9e.a3ead029.js,1398,1960,2936
mobile-zh-cpu4,home,B,/zh-Hans/assets/js/5aac87be.9a72d46e.js,1319,1961,2944
mobile-zh-cpu4,home,B,/zh-Hans/assets/js/19d07ec2.926fad60.js,1322,1961,2950
mobile-zh-cpu4,home,B,/zh-Hans/assets/js/f6a35985.c774a57d.js,1281,1962,2961
mobile-zh-cpu4,home,B,/zh-Hans/assets/js/6f85f1ad.24452ac7.js,1299,1962,2964
mobile-zh-cpu4,home,B,/zh-Hans/assets/js/06d0b49b.ae8d25e7.js,1252,1963,2968
mobile-zh-cpu4,home,B,/zh-Hans/assets/js/8c11af3e.10107cf7.js,1268,1963,2982
mobile-zh-cpu4,home,B,/zh-Hans/assets/js/056d4c08.de55e9cd.js,1348,1964,2986
mobile-zh-cpu4,home,B,/zh-Hans/assets/js/be23560f.bf6596d8.js,1389,1964,3001
mobile-zh-cpu4,home,B,/zh-Hans/assets/js/0c8b6c4b.ca4607d3.js,1364,1965,3007
mobile-zh-cpu4,home,B,/zh-Hans/assets/js/95109c98.bb3be231.js,1381,1965,3010
mobile-zh-cpu4,home,B,/zh-Hans/assets/js/b2e9a461.53f0937b.js,1436,1966,3022
mobile-zh-cpu4,home,B,/zh-Hans/assets/js/5e4675fa.e2e31348.js,1322,1967,3027
mobile-zh-cpu4,home,B,/zh-Hans/assets/js/3488eb7b.024a204f.js,1365,1967,3039
mobile-zh-cpu4,home,B,/zh-Hans/assets/js/4e83aca2.5047f972.js,1388,1968,3047
mobile-zh-cpu4,home,B,/zh-Hans/assets/js/b0b4ec7d.253b2501.js,1225,1968,3042
mobile-zh-cpu4,home,B,/zh-Hans/assets/js/897ab908.869bc4b8.js,1377,1969,3059
mobile-zh-cpu4,home,B,/zh-Hans/assets/js/c62197ec.174c862f.js,1308,1969,3065
mobile-zh-cpu4,home,B,/zh-Hans/assets/js/df9119bb.d19de177.js,1269,1970,3075
mobile-zh-cpu4,home,B,/zh-Hans/assets/js/0f48f00c.c3c4afce.js,2116,1970,3084
mobile-zh-cpu4,home,B,/zh-Hans/assets/js/9ddbd9d0.048be33c.js,1374,1971,3088
mobile-zh-cpu4,home,B,/zh-Hans/assets/js/0740f902.887b0938.js,1346,1971,3099
mobile-zh-cpu4,home,B,/zh-Hans/assets/js/d2cfe8d9.6a6f98db.js,1263,1972,3104
mobile-zh-cpu4,home,B,/zh-Hans/assets/js/9b223487.a69d695e.js,1206,1973,3108
mobile-zh-cpu4,home,B,/zh-Hans/assets/js/73eb2f99.092584e8.js,1312,1974,3121
mobile-zh-cpu4,home,B,/zh-Hans/assets/js/bf0fb1d5.a3a14eb5.js,1310,1975,3125
mobile-zh-cpu4,home,B,/zh-Hans/assets/js/186342f8.4468bd70.js,1296,1975,3142
mobile-zh-cpu4,home,B,/zh-Hans/assets/js/0d5e7a04.1354d315.js,1298,1975,3144
mobile-zh-cpu4,home,B,/zh-Hans/assets/js/1067966e.ec004e1f.js,1746,1976,3150
mobile-zh-cpu4,home,B,/zh-Hans/assets/js/3f0e8ad9.07e8306d.js,1369,1976,3161
mobile-zh-cpu4,home,B,/zh-Hans/assets/js/7e6c2622.a40a671a.js,1328,1977,3164
mobile-zh-cpu4,home,B,/zh-Hans/assets/js/97e6fc44.84946278.js,1339,1978,3179
mobile-zh-cpu4,home,B,/zh-Hans/assets/js/aded9f52.5d33c435.js,1387,1978,3184
mobile-zh-cpu4,home,B,/zh-Hans/assets/js/bb3dfddb.ad0c3298.js,1389,1979,3190
mobile-zh-cpu4,home,B,/zh-Hans/assets/js/6b7ca204.5722d742.js,1342,1979,3202
mobile-zh-cpu4,home,B,/zh-Hans/assets/js/d4562f76.714d3c53.js,1504,1980,3205
mobile-zh-cpu4,home,B,/zh-Hans/assets/js/4b970ea1.85caec82.js,1422,1981,3219
mobile-zh-cpu4,home,B,/zh-Hans/assets/js/ae46f6e7.fd228445.js,1286,1981,3224
mobile-zh-cpu4,home,B,/zh-Hans/assets/js/c35dbcd9.3845ed9a.js,1284,1981,3230
mobile-zh-cpu4,home,B,/zh-Hans/assets/js/ebfa4c7e.d06263a7.js,1317,1982,3241
mobile-zh-cpu4,home,B,/zh-Hans/assets/js/8e6f6dbf.6d9ae73e.js,1424,1983,3244
mobile-zh-cpu4,home,B,/zh-Hans/assets/js/f17b6b44.c197ecca.js,1437,1983,3259
mobile-zh-cpu4,home,B,/zh-Hans/assets/js/d5317537.84ee331d.js,1582,1985,3265
mobile-zh-cpu4,home,B,/zh-Hans/assets/js/be3a94bc.329d2eec.js,1397,1986,3273
mobile-zh-cpu4,home,B,/zh-Hans/assets/js/d916f95c.a6494620.js,1621,1986,3281
mobile-zh-cpu4,home,B,/zh-Hans/assets/js/8ad1daeb.f90366ac.js,1537,1987,3285
mobile-zh-cpu4,home,B,/zh-Hans/assets/js/f2c12d88.e731d871.js,1374,1987,3298
mobile-zh-cpu4,home,B,/zh-Hans/assets/js/7e79c49a.03b35203.js,1331,1987,3302
mobile-zh-cpu4,home,B,/zh-Hans/assets/js/41df52d9.c8277eca.js,1289,1988,3313
mobile-zh-cpu4,home,B,/zh-Hans/assets/js/55c6d50b.06f3c18b.js,1306,1988,3322
mobile-zh-cpu4,home,B,/zh-Hans/assets/js/b42abfab.818fb352.js,1324,1989,3325
mobile-zh-cpu4,home,B,/zh-Hans/assets/js/8854639a.26d73814.js,1340,1990,3339
mobile-zh-cpu4,home,B,/zh-Hans/assets/js/2626ded7.175acced.js,1391,1990,3345
mobile-zh-cpu4,home,B,/zh-Hans/assets/js/381ee3ae.79eb20e1.js,1437,1991,3350
mobile-zh-cpu4,home,B,/zh-Hans/assets/js/aa634c0a.a591756e.js,1245,1992,3353
mobile-zh-cpu4,home,B,/zh-Hans/assets/js/8f1e6d33.6fb5bf68.js,1405,1992,3361
mobile-zh-cpu4,home,B,/zh-Hans/assets/js/8cb5d721.61d40f4e.js,1334,1993,3376
mobile-zh-cpu4,home,B,/zh-Hans/assets/js/c7b964fc.fc33ef29.js,1461,1993,3385
mobile-zh-cpu4,home,B,/zh-Hans/assets/js/208a8bb3.ce8825e9.js,1268,1994,3396
mobile-zh-cpu4,home,B,/zh-Hans/assets/js/bfa71dc8.6fe38082.js,1271,1994,3399
mobile-zh-cpu4,home,B,/zh-Hans/assets/js/08765e37.0a0e5a4d.js,233,1995,3394
mobile-zh-cpu4,home,B,/zh-Hans/assets/js/1df93b7f.71358cbc.js,4382,1998,3430
mobile-zh-cpu4,home,B,/zh-Hans/assets/js/a7456010.95edc207.js,165,1999,3414
mobile-zh-cpu4,home,B,/zh-Hans/assets/js/88a1aa13.983561e3.js,4560,2006,3451
mobile-zh-cpu4,home,B,/zh-Hans/assets/js/63fb9b7a.1a7c217a.js,4183,2018,3448
mobile-zh-cpu4,home,B,/zh-Hans/img/favicon.ico,0,2255,2256
mobile-zh-cpu4,home,B,/zh-Hans/assets/js/1142.7aeffaad.js,111452,2746,3459
mobile-zh-cpu4,home,B,/zh-Hans/assets/js/56506.f5b1edbc.js,107,2749,2794
mobile-zh-cpu4,home,B,/zh-Hans/assets/js/56552.0c921019.js,107,2750,2796
mobile-zh-cpu4,logic,A,/zh-Hans/assets/css/styles.acf339ae.css,432355,83,1577
mobile-zh-cpu4,logic,A,/zh-Hans/assets/js/runtime~main.b6c415a0.js,27785,83,364
mobile-zh-cpu4,logic,A,/zh-Hans/assets/js/main.fe0a5e44.js,252689,86,1242
mobile-zh-cpu4,logic,A,/zh-Hans/img/logo.svg,39428,86,410
mobile-zh-cpu4,logic,A,/zh-Hans/assets/fonts/KaTeX_Math-Italic-6d3d25f4820d0da8f01fa3d2c7cbb8c2.woff2,16468,1696,2135
mobile-zh-cpu4,logic,A,/zh-Hans/assets/fonts/KaTeX_Main-Regular-f650f111a3b890d116f1ba740b7e3de3.woff2,26300,1697,2243
mobile-zh-cpu4,logic,A,/zh-Hans/assets/fonts/KaTeX_AMS-Regular-73ea273a72f4aca30ca528cf9117470a.woff2,28104,1698,2252
mobile-zh-cpu4,logic,A,/zh-Hans/assets/fonts/inter-latin-700-normal-1104236696a5d2d1f236f40aa0c491d1.woff2,24314,1712,2235
mobile-zh-cpu4,logic,A,/zh-Hans/assets/fonts/inter-latin-400-normal-eca1e21531598d5db58f56b3ba23a8cc.woff2,23667,1722,2220
mobile-zh-cpu4,logic,A,/zh-Hans/assets/fonts/inter-latin-500-normal-b7c27c60f848f2083f45be25012ce41d.woff2,24253,1731,2241
mobile-zh-cpu4,logic,A,/zh-Hans/assets/fonts/inter-latin-600-normal-69a8d1d484967aba2389ef57577b76be.woff2,24443,1760,2284
mobile-zh-cpu4,logic,A,/zh-Hans/assets/js/5471.fb124ec7.js,706,2297,2330
mobile-zh-cpu4,logic,A,/zh-Hans/assets/js/5e95c892.a0cebb3b.js,270,2442,2493
mobile-zh-cpu4,logic,A,/zh-Hans/assets/js/aba21aa0.97e29771.js,164,2445,2496
mobile-zh-cpu4,logic,A,/zh-Hans/assets/js/a7bd4aaa.148231b3.js,394,2448,2498
mobile-zh-cpu4,logic,A,/zh-Hans/assets/js/eceef310.4b166d4c.js,32397,2450,2707
mobile-zh-cpu4,logic,A,/zh-Hans/assets/js/22972.a0a0ea8b.js,6810,2451,2550
mobile-zh-cpu4,logic,A,/zh-Hans/assets/js/57884.d776a900.js,3782,2453,2528
mobile-zh-cpu4,logic,A,/zh-Hans/assets/js/a94703ab.23f5948f.js,570,2455,2525
mobile-zh-cpu4,logic,A,/zh-Hans/assets/js/93345.12e2b84c.js,67432,2457,2862
mobile-zh-cpu4,logic,A,/zh-Hans/assets/js/91029.fa6692c9.js,2735,2459,2547
mobile-zh-cpu4,logic,A,/zh-Hans/assets/js/17896441.a49a47fb.js,555604,2461,3800
mobile-zh-cpu4,logic,A,/zh-Hans/assets/js/f4aa1a31.22780b11.js,6865,2463,2607
mobile-zh-cpu4,logic,A,/zh-Hans/assets/js/381.1ad44c4c.js,2787,4277,4395
mobile-zh-cpu4,logic,A,/zh-Hans/assets/js/5e95c892.a0cebb3b.js,270,4464,4507
mobile-zh-cpu4,logic,A,/zh-Hans/assets/js/aba21aa0.97e29771.js,164,4465,4509
mobile-zh-cpu4,logic,A,/zh-Hans/assets/js/a7bd4aaa.148231b3.js,394,4466,4513
mobile-zh-cpu4,logic,A,/zh-Hans/assets/js/eceef310.4b166d4c.js,32397,4467,4670
mobile-zh-cpu4,logic,A,/zh-Hans/assets/js/a94703ab.23f5948f.js,570,4472,4518
mobile-zh-cpu4,logic,A,/zh-Hans/assets/js/9f30915f.d736a5de.js,7260,4477,4592
mobile-zh-cpu4,logic,A,/zh-Hans/assets/js/1df93b7f.71358cbc.js,4382,4481,4578
mobile-zh-cpu4,logic,A,/zh-Hans/assets/js/a7456010.95edc207.js,165,4482,4547
mobile-zh-cpu4,logic,A,/zh-Hans/assets/js/36994c47.f8d8d8e4.js,165,4557,4867
mobile-zh-cpu4,logic,A,/zh-Hans/assets/js/814f3328.f1aa3965.js,161,4559,4869
mobile-zh-cpu4,logic,A,/zh-Hans/assets/js/33e65888.1c53eea5.js,1747,4561,4909
mobile-zh-cpu4,logic,A,/zh-Hans/assets/js/4513f2cf.afe774c6.js,1236,4562,4896
mobile-zh-cpu4,logic,A,/zh-Hans/assets/js/d5563711.1d8c8efc.js,1768,4563,4916
mobile-zh-cpu4,logic,A,/zh-Hans/assets/js/ce087704.b9b04bdf.js,2005,4564,4921
mobile-zh-cpu4,logic,A,/zh-Hans/assets/js/c4b0d5c3.7d89b853.js,1638,4565,4936
mobile-zh-cpu4,logic,A,/zh-Hans/assets/js/b691f94e.bdb1a362.js,1629,4566,4953
mobile-zh-cpu4,logic,A,/zh-Hans/assets/js/01f9c14d.be6e234e.js,1593,4567,4962
mobile-zh-cpu4,logic,A,/zh-Hans/assets/js/9f7ba680.d2708b73.js,1808,4568,4968
mobile-zh-cpu4,logic,A,/zh-Hans/assets/js/2edfd140.d5ddd4de.js,1695,4568,4979
mobile-zh-cpu4,logic,A,/zh-Hans/assets/js/78504075.11980948.js,1690,4570,4996
mobile-zh-cpu4,logic,A,/zh-Hans/assets/js/60a93ab7.67ab9233.js,1676,4575,5007
mobile-zh-cpu4,logic,A,/zh-Hans/assets/js/0a7db8a8.497fcd9e.js,1648,4576,5016
mobile-zh-cpu4,logic,A,/zh-Hans/assets/js/c012f30e.e5d0e0a8.js,1593,4576,5024
mobile-zh-cpu4,logic,A,/zh-Hans/assets/js/b3f1d1fd.58cfb80d.js,1758,4577,5038
mobile-zh-cpu4,logic,A,/zh-Hans/assets/js/318622b1.e635006e.js,1627,4578,5047
mobile-zh-cpu4,logic,A,/zh-Hans/assets/js/6e4b00f9.52d3779a.js,1548,4579,5062
mobile-zh-cpu4,logic,A,/zh-Hans/assets/js/0a03e093.772e1dae.js,1571,4580,5073
mobile-zh-cpu4,logic,A,/zh-Hans/assets/js/fd67be4e.1ab6d452.js,1666,4581,5084
mobile-zh-cpu4,logic,A,/zh-Hans/assets/js/97954ebd.886adc50.js,1683,4582,5093
mobile-zh-cpu4,logic,A,/zh-Hans/assets/js/30a6f881.4dc048f6.js,1711,4583,5107
mobile-zh-cpu4,logic,A,/zh-Hans/assets/js/90c48350.666004c8.js,1680,4584,5118
mobile-zh-cpu4,logic,A,/zh-Hans/assets/js/1fdc07c7.7629aa84.js,1665,4585,5130
mobile-zh-cpu4,logic,A,/zh-Hans/assets/js/f214ad1d.30d03ca3.js,1777,4586,5142
mobile-zh-cpu4,logic,A,/zh-Hans/assets/js/0d7c09f5.c602328e.js,1650,4586,5153
mobile-zh-cpu4,logic,A,/zh-Hans/assets/js/c6eb9c55.5d03ac15.js,1620,4587,5165
mobile-zh-cpu4,logic,A,/zh-Hans/assets/js/1368dfea.1629e3e8.js,1567,4589,5174
mobile-zh-cpu4,logic,A,/zh-Hans/assets/js/8f447190.f274f848.js,1586,4589,5188
mobile-zh-cpu4,logic,A,/zh-Hans/assets/js/a493501a.0c3ca255.js,1695,4591,5196
mobile-zh-cpu4,logic,A,/zh-Hans/assets/js/0a304243.060c672b.js,1633,4591,5210
mobile-zh-cpu4,logic,A,/zh-Hans/assets/js/192f6b8b.f1af12a7.js,1617,4593,5219
mobile-zh-cpu4,logic,A,/zh-Hans/assets/js/77251510.14f8d003.js,1682,4594,5233
mobile-zh-cpu4,logic,A,/zh-Hans/assets/js/3465b717.923c5913.js,1639,4594,5245
mobile-zh-cpu4,logic,A,/zh-Hans/assets/js/1ec54888.42b34169.js,1633,4595,5256
mobile-zh-cpu4,logic,A,/zh-Hans/assets/js/aac3c7bb.a79b6f1e.js,1731,4596,5265
mobile-zh-cpu4,logic,A,/zh-Hans/assets/js/2bb8de9a.9bfbfbd7.js,1679,4597,5279
mobile-zh-cpu4,logic,A,/zh-Hans/assets/js/58e3a219.b6e2fdfd.js,1588,4598,5290
mobile-zh-cpu4,logic,A,/zh-Hans/assets/js/7f8d7c69.4e1b9020.js,1545,4599,5302
mobile-zh-cpu4,logic,A,/zh-Hans/assets/js/2483ec1c.afeca2ac.js,1689,4600,5310
mobile-zh-cpu4,logic,A,/zh-Hans/assets/js/d3ffb731.d9073e0b.js,1749,4601,5325
mobile-zh-cpu4,logic,A,/zh-Hans/assets/js/74606f37.20101b6f.js,1803,4602,5333
mobile-zh-cpu4,logic,A,/zh-Hans/assets/js/ed7c8481.e7d9df03.js,1653,4603,5348
mobile-zh-cpu4,logic,A,/zh-Hans/assets/js/f62a7ea7.de1c0b8e.js,1622,4603,5356
mobile-zh-cpu4,logic,A,/zh-Hans/assets/js/b41e6c7a.bc1141f5.js,1544,4605,5371
mobile-zh-cpu4,logic,A,/zh-Hans/assets/js/f8ad7ab2.00b344a2.js,1567,4606,5379
mobile-zh-cpu4,logic,A,/zh-Hans/assets/js/c0e590af.e08680e0.js,1507,4607,5393
mobile-zh-cpu4,logic,A,/zh-Hans/assets/js/695747ea.c7661d9c.js,1566,4608,5402
mobile-zh-cpu4,logic,A,/zh-Hans/assets/js/6b5a9dfa.ad5ecc08.js,1589,4609,5416
mobile-zh-cpu4,logic,A,/zh-Hans/assets/js/588cd219.45fa922e.js,1493,4610,5425
mobile-zh-cpu4,logic,A,/zh-Hans/assets/js/f0a0efe1.991a58bf.js,1998,4611,5439
mobile-zh-cpu4,logic,A,/zh-Hans/assets/js/39486e90.d8bb6fdd.js,1681,4612,5450
mobile-zh-cpu4,logic,A,/zh-Hans/assets/js/6c5b8922.fb99cc8c.js,1637,4613,5462
mobile-zh-cpu4,logic,A,/zh-Hans/assets/js/bd1ee143.eb50d40e.js,2064,4614,5471
mobile-zh-cpu4,logic,A,/zh-Hans/assets/js/f5c4b852.6595ebc7.js,1652,4615,5485
mobile-zh-cpu4,logic,A,/zh-Hans/assets/js/0a1c4072.e42ed907.js,1684,4616,5493
mobile-zh-cpu4,logic,A,/zh-Hans/assets/js/3a95fd66.d2a79c46.js,1655,4617,5508
mobile-zh-cpu4,logic,A,/zh-Hans/assets/js/23e688d6.e6021256.js,1808,4618,5517
mobile-zh-cpu4,logic,A,/zh-Hans/assets/js/f229f748.d6cd1475.js,1617,4619,5531
mobile-zh-cpu4,logic,A,/zh-Hans/assets/js/b9170d19.73c6d6f4.js,1907,4620,5539
mobile-zh-cpu4,logic,A,/zh-Hans/assets/js/e5df0adf.b633dd5c.js,1594,4621,5554
mobile-zh-cpu4,logic,A,/zh-Hans/assets/js/966f0cca.74dee53c.js,1710,4622,5565
mobile-zh-cpu4,logic,A,/zh-Hans/assets/js/0c2b2562.29b8ddb0.js,1627,4623,5576
mobile-zh-cpu4,logic,A,/zh-Hans/assets/js/e8269fec.5d19cc66.js,1640,4625,5585
mobile-zh-cpu4,logic,A,/zh-Hans/assets/js/6fafa77e.ffefdfa2.js,1548,4626,5600
mobile-zh-cpu4,logic,A,/zh-Hans/assets/js/0ba205e1.b8b3672b.js,1642,4626,5611
mobile-zh-cpu4,logic,A,/zh-Hans/assets/js/11a6e447.cbb0a1f4.js,1634,4628,5622
mobile-zh-cpu4,logic,A,/zh-Hans/assets/js/6f2afc85.6284d837.js,2588,4629,5634
mobile-zh-cpu4,logic,A,/zh-Hans/assets/js/edfbb242.f844419e.js,1716,4629,5643
mobile-zh-cpu4,logic,A,/zh-Hans/assets/js/c988a85e.cd4a1947.js,1655,4631,5657
mobile-zh-cpu4,logic,A,/zh-Hans/assets/js/b68518de.585a9947.js,1553,4632,5665
mobile-zh-cpu4,logic,A,/zh-Hans/assets/js/987db844.b3dd4a8e.js,1452,4633,5679
mobile-zh-cpu4,logic,A,/zh-Hans/assets/js/7a582b15.49c48d55.js,1681,4634,5688
mobile-zh-cpu4,logic,A,/zh-Hans/assets/js/2691968b.93ec8b8b.js,1527,4635,5703
mobile-zh-cpu4,logic,A,/zh-Hans/assets/js/045d9d18.7aae771a.js,1547,4636,5714
mobile-zh-cpu4,logic,A,/zh-Hans/assets/js/ed3a165e.efa341be.js,1533,4637,5726
mobile-zh-cpu4,logic,A,/zh-Hans/assets/js/655d2cc1.1d284559.js,1548,4638,5734
mobile-zh-cpu4,logic,A,/zh-Hans/assets/js/f2c79a6e.c914e9df.js,1676,4639,5749
mobile-zh-cpu4,logic,A,/zh-Hans/assets/js/affdbf97.c19809a9.js,1598,4640,5760
mobile-zh-cpu4,logic,A,/zh-Hans/assets/js/467dcc91.81ce372a.js,1578,4641,5771
mobile-zh-cpu4,logic,A,/zh-Hans/assets/js/3ef5e2e7.80269d3f.js,1609,4643,5780
mobile-zh-cpu4,logic,A,/zh-Hans/assets/js/8398d371.5c1cf09d.js,1570,4644,5794
mobile-zh-cpu4,logic,A,/zh-Hans/assets/js/966d7901.0ae6261d.js,1606,4645,5803
mobile-zh-cpu4,logic,A,/zh-Hans/assets/js/ac0b0420.778946c2.js,1656,4646,5817
mobile-zh-cpu4,logic,A,/zh-Hans/assets/js/7c6bb6a5.e4761817.js,1589,4647,5825
mobile-zh-cpu4,logic,A,/zh-Hans/assets/js/3dd0c199.e89b8695.js,1511,4648,5840
mobile-zh-cpu4,logic,A,/zh-Hans/assets/js/c2937a9d.e01fd75a.js,1587,4649,5848
mobile-zh-cpu4,logic,A,/zh-Hans/assets/js/b7f7d26a.5e3c4ac7.js,1669,4650,5863
mobile-zh-cpu4,logic,A,/zh-Hans/assets/js/22b55f44.a02aedc7.js,1621,4651,5871
mobile-zh-cpu4,logic,A,/zh-Hans/assets/js/fe785eb3.c68b7628.js,1571,4654,5886
mobile-zh-cpu4,logic,A,/zh-Hans/assets/js/0b84458c.0e7d9deb.js,1647,4655,5894
mobile-zh-cpu4,logic,A,/zh-Hans/assets/js/c16cc89a.d71d0af6.js,1526,4656,5909
mobile-zh-cpu4,logic,A,/zh-Hans/assets/js/cb6fa29b.d9dab689.js,1616,4656,5917
mobile-zh-cpu4,logic,A,/zh-Hans/assets/js/2bb30232.a0e1653e.js,1531,4658,5932
mobile-zh-cpu4,logic,A,/zh-Hans/assets/js/f61adf7a.dcd45360.js,1612,4659,5940
mobile-zh-cpu4,logic,A,/zh-Hans/assets/js/d75e0885.35d891ce.js,1505,4660,5955
mobile-zh-cpu4,logic,A,/zh-Hans/assets/js/b16b89bc.f1180cfb.js,1572,4660,5962
mobile-zh-cpu4,logic,A,/zh-Hans/assets/js/e10df803.f822b1a5.js,1533,4662,5977
mobile-zh-cpu4,logic,A,/zh-Hans/assets/js/8a8c04f1.bbae2f1f.js,1565,4663,5985
mobile-zh-cpu4,logic,A,/zh-Hans/assets/js/98aa3b14.6a5a9e3d.js,1560,4664,6029
mobile-zh-cpu4,logic,A,/zh-Hans/assets/js/78fcb039.0ad585ed.js,1559,4664,6046
mobile-zh-cpu4,logic,A,/zh-Hans/assets/js/10e1d188.6be2b5e8.js,1501,4665,6058
mobile-zh-cpu4,logic,A,/zh-Hans/assets/js/8d789909.14ac551d.js,1530,4666,6075
mobile-zh-cpu4,logic,A,/zh-Hans/assets/js/50f95c55.aa46c70c.js,1474,4667,6095
mobile-zh-cpu4,logic,A,/zh-Hans/assets/js/f43d9d49.20df7617.js,1480,4668,6106
mobile-zh-cpu4,logic,A,/zh-Hans/assets/js/43a8d774.90339801.js,1546,4669,6120
mobile-zh-cpu4,logic,A,/zh-Hans/assets/js/7b25f8c6.a77544cc.js,1564,4670,6143
mobile-zh-cpu4,logic,A,/zh-Hans/assets/js/9f988edf.bab5f6e5.js,1618,4671,6155
mobile-zh-cpu4,logic,A,/zh-Hans/assets/js/bc639700.70733435.js,1543,4672,6169
mobile-zh-cpu4,logic,A,/zh-Hans/assets/js/31a7ce28.078650af.js,1521,4673,6192
mobile-zh-cpu4,logic,A,/zh-Hans/assets/js/4d362dc9.b2c2f593.js,1602,4674,6203
mobile-zh-cpu4,logic,A,/zh-Hans/assets/js/998f750d.a41629ac.js,1576,4675,6218
mobile-zh-cpu4,logic,A,/zh-Hans/assets/js/03b6516c.82a100bb.js,1501,4676,6240
mobile-zh-cpu4,logic,A,/zh-Hans/assets/js/2abf232f.eac614c3.js,1638,4677,6252
mobile-zh-cpu4,logic,A,/zh-Hans/assets/js/db5ef009.5e34ea7d.js,1687,4678,6266
mobile-zh-cpu4,logic,A,/zh-Hans/assets/js/1e3f9552.4fb7defc.js,1552,4679,6289
mobile-zh-cpu4,logic,A,/zh-Hans/assets/js/58cc6580.8e92027c.js,1558,4680,6300
mobile-zh-cpu4,logic,A,/zh-Hans/assets/js/9a8c4f9e.4818d639.js,1656,4681,6315
mobile-zh-cpu4,logic,A,/zh-Hans/assets/js/5aac87be.4accd550.js,1573,4681,6338
mobile-zh-cpu4,logic,A,/zh-Hans/assets/js/19d07ec2.ab321d21.js,1579,4683,6352
mobile-zh-cpu4,logic,A,/zh-Hans/assets/js/f6a35985.680d2b20.js,1528,4684,6363
mobile-zh-cpu4,logic,A,/zh-Hans/assets/js/6f85f1ad.a32b0669.js,1546,4685,6384
mobile-zh-cpu4,logic,A,/zh-Hans/assets/js/06d0b49b.f130d65f.js,1499,4686,6400
mobile-zh-cpu4,logic,A,/zh-Hans/assets/js/8c11af3e.8ae445d9.js,1522,4686,6412
mobile-zh-cpu4,logic,A,/zh-Hans/assets/js/056d4c08.30257414.js,1610,4688,6429
mobile-zh-cpu4,logic,A,/zh-Hans/assets/js/be23560f.16037e98.js,1650,4688,6444
mobile-zh-cpu4,logic,A,/zh-Hans/assets/js/0c8b6c4b.b8624799.js,1626,4689,6458
mobile-zh-cpu4,logic,A,/zh-Hans/assets/js/95109c98.98ec29c4.js,1638,4690,6475
mobile-zh-cpu4,logic,A,/zh-Hans/assets/js/b2e9a461.53f0937b.js,1436,4691,6489
mobile-zh-cpu4,logic,A,/zh-Hans/assets/js/5e4675fa.482f06d4.js,1573,4692,6507
mobile-zh-cpu4,logic,A,/zh-Hans/assets/js/3488eb7b.b3c7c2ea.js,1622,4693,6524
mobile-zh-cpu4,logic,A,/zh-Hans/assets/js/4e83aca2.b109e95a.js,1646,4693,6535
mobile-zh-cpu4,logic,A,/zh-Hans/assets/js/b0b4ec7d.85e7be22.js,1475,4695,6553
mobile-zh-cpu4,logic,A,/zh-Hans/assets/js/897ab908.9b2295ef.js,1635,4696,6572
mobile-zh-cpu4,logic,A,/zh-Hans/assets/js/c62197ec.b2bbf223.js,1559,4697,6583
mobile-zh-cpu4,logic,A,/zh-Hans/assets/js/df9119bb.33e389ba.js,1516,4699,6598
mobile-zh-cpu4,logic,A,/zh-Hans/assets/js/0f48f00c.c3c4afce.js,2116,4700,6621
mobile-zh-cpu4,logic,A,/zh-Hans/assets/js/9ddbd9d0.92373cf7.js,1630,4701,6632
mobile-zh-cpu4,logic,A,/zh-Hans/assets/js/0740f902.2cfbf27b.js,1601,4703,6647
mobile-zh-cpu4,logic,A,/zh-Hans/assets/js/d2cfe8d9.bdf88e23.js,1515,4705,6669
mobile-zh-cpu4,logic,A,/zh-Hans/assets/js/9b223487.32914042.js,1455,4706,6680
mobile-zh-cpu4,logic,A,/zh-Hans/assets/js/73eb2f99.e62a597e.js,1566,4708,6695
mobile-zh-cpu4,logic,A,/zh-Hans/assets/js/bf0fb1d5.00be0cdb.js,1560,4710,6718
mobile-zh-cpu4,logic,A,/zh-Hans/assets/js/186342f8.08a4a1e7.js,1549,4711,6726
mobile-zh-cpu4,logic,A,/zh-Hans/assets/js/0d5e7a04.31a7c5c8.js,1547,4713,6744
mobile-zh-cpu4,logic,A,/zh-Hans/assets/js/1067966e.ec004e1f.js,1746,4714,6767
mobile-zh-cpu4,logic,A,/zh-Hans/assets/js/3f0e8ad9.91477938.js,1627,4715,6775
mobile-zh-cpu4,logic,A,/zh-Hans/assets/js/7e6c2622.1f6a0ec5.js,1586,4717,6790
mobile-zh-cpu4,logic,A,/zh-Hans/assets/js/97e6fc44.aa13c06f.js,1598,4718,6815
mobile-zh-cpu4,logic,A,/zh-Hans/assets/js/aded9f52.3707e457.js,1648,4719,6824
mobile-zh-cpu4,logic,A,/zh-Hans/assets/js/bb3dfddb.7da63958.js,1637,4721,6838
mobile-zh-cpu4,logic,A,/zh-Hans/assets/js/6b7ca204.b550044a.js,1601,4722,6864
mobile-zh-cpu4,logic,A,/zh-Hans/assets/js/d4562f76.714d3c53.js,1504,4724,6876
mobile-zh-cpu4,logic,A,/zh-Hans/assets/js/4b970ea1.35fb39e5.js,1682,4725,6887
mobile-zh-cpu4,logic,A,/zh-Hans/assets/js/ae46f6e7.72b32bf2.js,1539,4727,6913
mobile-zh-cpu4,logic,A,/zh-Hans/assets/js/c35dbcd9.ff32a490.js,1543,4728,6926
mobile-zh-cpu4,logic,A,/zh-Hans/assets/js/ebfa4c7e.7bb3598c.js,1568,4729,6938
mobile-zh-cpu4,logic,A,/zh-Hans/assets/js/8e6f6dbf.30654e4d.js,1683,4730,6961
mobile-zh-cpu4,logic,A,/zh-Hans/assets/js/f17b6b44.7ae5e83f.js,1700,4732,6973
mobile-zh-cpu4,logic,A,/zh-Hans/assets/js/d5317537.84ee331d.js,1582,4733,6984
mobile-zh-cpu4,logic,A,/zh-Hans/assets/js/be3a94bc.a1ed4fef.js,1659,4736,7007
mobile-zh-cpu4,logic,A,/zh-Hans/assets/js/d916f95c.a6494620.js,1621,4737,7016
mobile-zh-cpu4,logic,A,/zh-Hans/assets/js/8ad1daeb.f90366ac.js,1537,4738,7019
mobile-zh-cpu4,logic,A,/zh-Hans/assets/js/f2c12d88.b72d87b3.js,1631,4739,7030
mobile-zh-cpu4,logic,A,/zh-Hans/assets/js/7e79c49a.d0d624e5.js,1590,4740,7050
mobile-zh-cpu4,logic,A,/zh-Hans/assets/js/41df52d9.a20c8bed.js,1543,4741,7061
mobile-zh-cpu4,logic,A,/zh-Hans/assets/js/55c6d50b.5697e9cc.js,1558,4743,7067
mobile-zh-cpu4,logic,A,/zh-Hans/assets/js/b42abfab.204f6b99.js,1575,4744,7076
mobile-zh-cpu4,logic,A,/zh-Hans/assets/js/8854639a.392fb87b.js,1592,4748,7090
mobile-zh-cpu4,logic,A,/zh-Hans/assets/js/2626ded7.10388e56.js,1646,4748,7104
mobile-zh-cpu4,logic,A,/zh-Hans/assets/js/381ee3ae.ca148aae.js,1698,4750,7115
mobile-zh-cpu4,logic,A,/zh-Hans/assets/js/aa634c0a.8af8b86f.js,1493,4751,7124
mobile-zh-cpu4,logic,A,/zh-Hans/assets/js/8f1e6d33.7ac2a1ab.js,1654,4752,7133
mobile-zh-cpu4,logic,A,/zh-Hans/assets/js/8cb5d721.1f774841.js,1589,4754,7144
mobile-zh-cpu4,logic,A,/zh-Hans/assets/js/c7b964fc.9cd908ad.js,1721,4755,7159
mobile-zh-cpu4,logic,A,/zh-Hans/assets/js/208a8bb3.4c9bdf96.js,1519,4756,7170
mobile-zh-cpu4,logic,A,/zh-Hans/assets/js/bfa71dc8.f92e1806.js,1519,4757,7176
mobile-zh-cpu4,logic,A,/zh-Hans/assets/js/08765e37.0a0e5a4d.js,233,4758,7179
mobile-zh-cpu4,logic,A,/zh-Hans/assets/js/88a1aa13.983561e3.js,4560,4773,7225
mobile-zh-cpu4,logic,A,/zh-Hans/assets/js/594d4304.8a79d52b.js,10752,4795,7293
mobile-zh-cpu4,logic,A,/zh-Hans/assets/js/63fb9b7a.1a7c217a.js,4183,4810,7239
mobile-zh-cpu4,logic,A,/zh-Hans/img/favicon.ico,0,5151,5152
mobile-zh-cpu4,logic,A,/zh-Hans/assets/js/5e95c892.a0cebb3b.js,270,5247,7217
mobile-zh-cpu4,logic,A,/zh-Hans/assets/js/aba21aa0.97e29771.js,164,5249,7252
mobile-zh-cpu4,logic,A,/zh-Hans/assets/js/a7bd4aaa.148231b3.js,394,5250,7259
mobile-zh-cpu4,logic,A,/zh-Hans/assets/js/eceef310.4b166d4c.js,32397,5251,7576
mobile-zh-cpu4,logic,A,/zh-Hans/assets/js/a94703ab.23f5948f.js,570,5252,7285
mobile-zh-cpu4,logic,A,/zh-Hans/assets/js/bd59fe8c.71267004.js,2948,5259,7354
mobile-zh-cpu4,logic,A,/zh-Hans/assets/js/2c453a6f.990415e0.js,2619,5275,7347
mobile-zh-cpu4,logic,A,/zh-Hans/assets/js/430bb3bc.0b49b0ae.js,3260,5288,7416
mobile-zh-cpu4,logic,A,/zh-Hans/assets/js/d500a2b7.2e68933d.js,5067,5305,7439
mobile-zh-cpu4,logic,A,/zh-Hans/assets/js/cc6516cc.86222b0f.js,2300,5320,7468
mobile-zh-cpu4,logic,A,/zh-Hans/assets/js/14eb3368.9bbe3ca8.js,3879,5346,7507
mobile-zh-cpu4,logic,A,/zh-Hans/assets/js/4e508a60.80d2160c.js,332,5347,7506
mobile-zh-cpu4,logic,A,/zh-Hans/assets/js/86b5cc6d.9f143e93.js,357,5364,7540
mobile-zh-cpu4,logic,A,/zh-Hans/assets/js/86018bb3.969dd292.js,2161,5376,7560
mobile-zh-cpu4,logic,A,/zh-Hans/assets/js/14f6f289.49fed619.js,16023,5402,7736
mobile-zh-cpu4,logic,A,/zh-Hans/assets/js/f4aa1a31.22780b11.js,6865,5418,7660
mobile-zh-cpu4,logic,A,/zh-Hans/assets/js/1142.7aeffaad.js,111452,5946,6970
mobile-zh-cpu4,logic,A,/zh-Hans/assets/js/56506.f5b1edbc.js,107,5948,5997
mobile-zh-cpu4,logic,A,/zh-Hans/assets/js/56552.0c921019.js,107,5949,6009
mobile-zh-cpu4,logic,B,/zh-Hans/assets/css/styles.99111583.css,62973,64,446
mobile-zh-cpu4,logic,B,/zh-Hans/assets/js/runtime~main.1203b573.js,24814,64,309
mobile-zh-cpu4,logic,B,/zh-Hans/img/logo.svg,22395,64,286
mobile-zh-cpu4,logic,B,/zh-Hans/assets/js/main.ed744a48.js,253494,64,1085
mobile-zh-cpu4,logic,B,/zh-Hans/assets/fonts/KaTeX_Math-Italic-6d3d25f4820d0da8f01fa3d2c7cbb8c2.woff2,16468,547,947
mobile-zh-cpu4,logic,B,/zh-Hans/assets/fonts/KaTeX_Main-Regular-f650f111a3b890d116f1ba740b7e3de3.woff2,26300,548,1044
mobile-zh-cpu4,logic,B,/zh-Hans/assets/fonts/inter-latin-700-normal-1104236696a5d2d1f236f40aa0c491d1.woff2,24314,562,1035
mobile-zh-cpu4,logic,B,/zh-Hans/assets/fonts/inter-latin-400-normal-eca1e21531598d5db58f56b3ba23a8cc.woff2,23667,576,1021
mobile-zh-cpu4,logic,B,/zh-Hans/assets/fonts/inter-latin-500-normal-b7c27c60f848f2083f45be25012ce41d.woff2,24253,587,1042
mobile-zh-cpu4,logic,B,/zh-Hans/assets/fonts/inter-latin-600-normal-69a8d1d484967aba2389ef57577b76be.woff2,24443,617,1130
mobile-zh-cpu4,logic,B,/zh-Hans/assets/fonts/KaTeX_AMS-Regular-73ea273a72f4aca30ca528cf9117470a.woff2,28104,764,1150
mobile-zh-cpu4,logic,B,/zh-Hans/assets/js/5471.fb124ec7.js,706,1392,1431
mobile-zh-cpu4,logic,B,/zh-Hans/assets/js/5e95c892.a0cebb3b.js,270,1526,1580
mobile-zh-cpu4,logic,B,/zh-Hans/assets/js/aba21aa0.97e29771.js,164,1531,1582
mobile-zh-cpu4,logic,B,/zh-Hans/assets/js/a7bd4aaa.148231b3.js,394,1533,1585
mobile-zh-cpu4,logic,B,/zh-Hans/assets/js/eceef310.4b166d4c.js,32397,1535,1811
mobile-zh-cpu4,logic,B,/zh-Hans/assets/js/22972.a0a0ea8b.js,6810,1537,1636
mobile-zh-cpu4,logic,B,/zh-Hans/assets/js/57884.d776a900.js,3782,1539,1614
mobile-zh-cpu4,logic,B,/zh-Hans/assets/js/a94703ab.23f5948f.js,570,1541,1611
mobile-zh-cpu4,logic,B,/zh-Hans/assets/js/71015.01197591.js,56729,1543,1865
mobile-zh-cpu4,logic,B,/zh-Hans/assets/js/96438.2dab9359.js,10685,1544,1723
mobile-zh-cpu4,logic,B,/zh-Hans/assets/js/16605.13c38af0.js,2871,1546,1676
mobile-zh-cpu4,logic,B,/zh-Hans/assets/js/17896441.2c755304.js,18385,1548,1788
mobile-zh-cpu4,logic,B,/zh-Hans/assets/js/f4aa1a31.22780b11.js,6865,1549,1734
mobile-zh-cpu4,logic,B,/zh-Hans/assets/js/381.1ad44c4c.js,2787,2352,2467
mobile-zh-cpu4,logic,B,/zh-Hans/assets/js/1df93b7f.71358cbc.js,4382,2618,2827
mobile-zh-cpu4,logic,B,/zh-Hans/assets/js/a7456010.95edc207.js,165,2620,2808
mobile-zh-cpu4,logic,B,/zh-Hans/assets/js/a6aa9e1f.fac7cffb.js,8530,2626,2846
mobile-zh-cpu4,logic,B,/zh-Hans/assets/js/36994c47.f8d8d8e4.js,165,2631,2812
mobile-zh-cpu4,logic,B,/zh-Hans/assets/js/814f3328.f1aa3965.js,161,2632,2813
mobile-zh-cpu4,logic,B,/zh-Hans/assets/js/33e65888.1c53eea5.js,1747,2633,2824
mobile-zh-cpu4,logic,B,/zh-Hans/assets/js/4513f2cf.afe774c6.js,1236,2634,2836
mobile-zh-cpu4,logic,B,/zh-Hans/assets/js/d5563711.5ee7ddd2.js,1503,2636,2850
mobile-zh-cpu4,logic,B,/zh-Hans/assets/js/ce087704.b9b04bdf.js,2005,2638,2853
mobile-zh-cpu4,logic,B,/zh-Hans/assets/js/c4b0d5c3.7d89b853.js,1638,2640,2861
mobile-zh-cpu4,logic,B,/zh-Hans/assets/js/b691f94e.b9d281fa.js,1372,2641,2867
mobile-zh-cpu4,logic,B,/zh-Hans/assets/js/01f9c14d.be6e234e.js,1593,2642,2870
mobile-zh-cpu4,logic,B,/zh-Hans/assets/js/9f7ba680.49dfe899.js,1544,2643,2878
mobile-zh-cpu4,logic,B,/zh-Hans/assets/js/2edfd140.275540c6.js,1439,2644,2884
mobile-zh-cpu4,logic,B,/zh-Hans/assets/js/78504075.11980948.js,1690,2645,2887
mobile-zh-cpu4,logic,B,/zh-Hans/assets/js/60a93ab7.a7ad899d.js,1416,2646,2895
mobile-zh-cpu4,logic,B,/zh-Hans/assets/js/0a7db8a8.b7418b4f.js,1388,2647,2901
mobile-zh-cpu4,logic,B,/zh-Hans/assets/js/c012f30e.7cf9fb39.js,1340,2647,2904
mobile-zh-cpu4,logic,B,/zh-Hans/assets/js/b3f1d1fd.58cfb80d.js,1758,2647,2915
mobile-zh-cpu4,logic,B,/zh-Hans/assets/js/318622b1.e635006e.js,1627,2647,2919
mobile-zh-cpu4,logic,B,/zh-Hans/assets/js/6e4b00f9.f7550892.js,1295,2647,2921
mobile-zh-cpu4,logic,B,/zh-Hans/assets/js/0a03e093.6dd5422d.js,1320,2648,2930
mobile-zh-cpu4,logic,B,/zh-Hans/assets/js/fd67be4e.1ab6d452.js,1666,2648,2936
mobile-zh-cpu4,logic,B,/zh-Hans/assets/js/97954ebd.3c44ca93.js,1424,2648,2938
mobile-zh-cpu4,logic,B,/zh-Hans/assets/js/30a6f881.5566e11d.js,1450,2648,2950
mobile-zh-cpu4,logic,B,/zh-Hans/assets/js/90c48350.b32344b6.js,1420,2648,2952
mobile-zh-cpu4,logic,B,/zh-Hans/assets/js/1fdc07c7.9ed54ed6.js,1407,2648,2955
mobile-zh-cpu4,logic,B,/zh-Hans/assets/js/f214ad1d.30d03ca3.js,1777,2649,2964
mobile-zh-cpu4,logic,B,/zh-Hans/assets/js/0d7c09f5.fa430e49.js,1389,2649,2970
mobile-zh-cpu4,logic,B,/zh-Hans/assets/js/c6eb9c55.5a789951.js,1368,2649,2974
mobile-zh-cpu4,logic,B,/zh-Hans/assets/js/1368dfea.ce068430.js,1317,2649,2984
mobile-zh-cpu4,logic,B,/zh-Hans/assets/js/8f447190.f274f848.js,1586,2649,2987
mobile-zh-cpu4,logic,B,/zh-Hans/assets/js/a493501a.20ffcb6a.js,1437,2649,2990
mobile-zh-cpu4,logic,B,/zh-Hans/assets/js/0a304243.480a24d3.js,1382,2649,2998
mobile-zh-cpu4,logic,B,/zh-Hans/assets/js/192f6b8b.643623e9.js,1364,2650,3004
mobile-zh-cpu4,logic,B,/zh-Hans/assets/js/77251510.80998361.js,1430,2650,3007
mobile-zh-cpu4,logic,B,/zh-Hans/assets/js/3465b717.c5597d43.js,1380,2650,3016
mobile-zh-cpu4,logic,B,/zh-Hans/assets/js/1ec54888.42b34169.js,1633,2655,3023
mobile-zh-cpu4,logic,B,/zh-Hans/assets/js/aac3c7bb.6917f3ba.js,1478,2656,3027
mobile-zh-cpu4,logic,B,/zh-Hans/assets/js/2bb8de9a.9bfbfbd7.js,1679,2656,3033
mobile-zh-cpu4,logic,B,/zh-Hans/assets/js/58e3a219.b6e2fdfd.js,1588,2656,3038
mobile-zh-cpu4,logic,B,/zh-Hans/assets/js/7f8d7c69.4e1b9020.js,1545,2656,3044
mobile-zh-cpu4,logic,B,/zh-Hans/assets/js/2483ec1c.0f4eeede.js,1424,2656,3047
mobile-zh-cpu4,logic,B,/zh-Hans/assets/js/d3ffb731.d9073e0b.js,1749,2659,3056
mobile-zh-cpu4,logic,B,/zh-Hans/assets/js/74606f37.20101b6f.js,1803,2660,3059
mobile-zh-cpu4,logic,B,/zh-Hans/assets/js/ed7c8481.6c2a49f7.js,1397,2660,3067
mobile-zh-cpu4,logic,B,/zh-Hans/assets/js/f62a7ea7.1644dbc3.js,1373,2660,3073
mobile-zh-cpu4,logic,B,/zh-Hans/assets/js/b41e6c7a.8b0cabdc.js,1291,2661,3078
mobile-zh-cpu4,logic,B,/zh-Hans/assets/js/f8ad7ab2.2e4e818a.js,1312,2662,3081
mobile-zh-cpu4,logic,B,/zh-Hans/assets/js/c0e590af.e08680e0.js,1507,2662,3090
mobile-zh-cpu4,logic,B,/zh-Hans/assets/js/695747ea.e4f5d520.js,1323,2662,3095
mobile-zh-cpu4,logic,B,/zh-Hans/assets/js/6b5a9dfa.95644aec.js,1338,2662,3098
mobile-zh-cpu4,logic,B,/zh-Hans/assets/js/588cd219.4def1d4c.js,1248,2663,3102
mobile-zh-cpu4,logic,B,/zh-Hans/assets/js/f0a0efe1.991a58bf.js,1998,2665,3109
mobile-zh-cpu4,logic,B,/zh-Hans/assets/js/39486e90.e161d1d1.js,1422,2666,3113
mobile-zh-cpu4,logic,B,/zh-Hans/assets/js/6c5b8922.be440bfc.js,1385,2667,3121
mobile-zh-cpu4,logic,B,/zh-Hans/assets/js/bd1ee143.eb50d40e.js,2064,2667,3127
mobile-zh-cpu4,logic,B,/zh-Hans/assets/js/f5c4b852.1287f3b3.js,1393,2667,3133
mobile-zh-cpu4,logic,B,/zh-Hans/assets/js/0a1c4072.a9f2c894.js,1424,2667,3139
mobile-zh-cpu4,logic,B,/zh-Hans/assets/js/3a95fd66.edc1657e.js,1402,2667,3146
mobile-zh-cpu4,logic,B,/zh-Hans/assets/js/23e688d6.6f8379ce.js,1550,2667,3147
mobile-zh-cpu4,logic,B,/zh-Hans/assets/js/f229f748.e764165d.js,1358,2670,3155
mobile-zh-cpu4,logic,B,/zh-Hans/assets/js/b9170d19.73c6d6f4.js,1907,2671,3161
mobile-zh-cpu4,logic,B,/zh-Hans/assets/js/e5df0adf.b633dd5c.js,1594,2671,3164
mobile-zh-cpu4,logic,B,/zh-Hans/assets/js/966f0cca.daf6d748.js,1448,2672,3173
mobile-zh-cpu4,logic,B,/zh-Hans/assets/js/0c2b2562.29b8ddb0.js,1627,2673,3179
mobile-zh-cpu4,logic,B,/zh-Hans/assets/js/e8269fec.5d19cc66.js,1640,2674,3182
mobile-zh-cpu4,logic,B,/zh-Hans/assets/js/6fafa77e.ffefdfa2.js,1548,2675,3193
mobile-zh-cpu4,logic,B,/zh-Hans/assets/js/0ba205e1.8529e583.js,1384,2675,3195
mobile-zh-cpu4,logic,B,/zh-Hans/assets/js/11a6e447.cbb0a1f4.js,1634,2675,3198
mobile-zh-cpu4,logic,B,/zh-Hans/assets/js/6f2afc85.6284d837.js,2588,2676,3207
mobile-zh-cpu4,logic,B,/zh-Hans/assets/js/edfbb242.f844419e.js,1716,2677,3213
mobile-zh-cpu4,logic,B,/zh-Hans/assets/js/c988a85e.c8e41f53.js,1395,2677,3215
mobile-zh-cpu4,logic,B,/zh-Hans/assets/js/b68518de.0a2d8fc5.js,1299,2677,3227
mobile-zh-cpu4,logic,B,/zh-Hans/assets/js/987db844.b3dd4a8e.js,1452,2677,3230
mobile-zh-cpu4,logic,B,/zh-Hans/assets/js/7a582b15.49c48d55.js,1681,2677,3232
mobile-zh-cpu4,logic,B,/zh-Hans/assets/js/2691968b.93ec8b8b.js,1527,2677,3244
mobile-zh-cpu4,logic,B,/zh-Hans/assets/js/045d9d18.7aae771a.js,1547,2680,3247
mobile-zh-cpu4,logic,B,/zh-Hans/assets/js/ed3a165e.cf841d58.js,1285,2681,3250
mobile-zh-cpu4,logic,B,/zh-Hans/assets/js/655d2cc1.3d64cf0a.js,1301,2682,3262
mobile-zh-cpu4,logic,B,/zh-Hans/assets/js/f2c79a6e.9acfb03f.js,1413,2682,3265
mobile-zh-cpu4,logic,B,/zh-Hans/assets/js/affdbf97.2763d354.js,1340,2682,3267
mobile-zh-cpu4,logic,B,/zh-Hans/assets/js/467dcc91.97fe281c.js,1325,2682,3279
mobile-zh-cpu4,logic,B,/zh-Hans/assets/js/3ef5e2e7.80269d3f.js,1609,2682,3281
mobile-zh-cpu4,logic,B,/zh-Hans/assets/js/8398d371.9bde035b.js,1312,2685,3284
mobile-zh-cpu4,logic,B,/zh-Hans/assets/js/966d7901.fc54bd95.js,1346,2685,3296
mobile-zh-cpu4,logic,B,/zh-Hans/assets/js/ac0b0420.22d9bc05.js,1395,2685,3299
mobile-zh-cpu4,logic,B,/zh-Hans/assets/js/7c6bb6a5.608d1d73.js,1340,2685,3303
mobile-zh-cpu4,logic,B,/zh-Hans/assets/js/3dd0c199.a8b01b16.js,1256,2685,3305
mobile-zh-cpu4,logic,B,/zh-Hans/assets/js/c2937a9d.8afdfa9f.js,1334,2690,3313
mobile-zh-cpu4,logic,B,/zh-Hans/assets/js/b7f7d26a.7ffaa0fd.js,1408,2690,3316
mobile-zh-cpu4,logic,B,/zh-Hans/assets/js/22b55f44.755b82c8.js,1365,2691,3321
mobile-zh-cpu4,logic,B,/zh-Hans/assets/js/fe785eb3.c68b7628.js,1571,2692,3331
mobile-zh-cpu4,logic,B,/zh-Hans/assets/js/0b84458c.ee00c42d.js,1387,2693,3336
mobile-zh-cpu4,logic,B,/zh-Hans/assets/js/c16cc89a.819d78bd.js,1275,2693,3338
mobile-zh-cpu4,logic,B,/zh-Hans/assets/js/cb6fa29b.0e39db40.js,1360,2694,3347
mobile-zh-cpu4,logic,B,/zh-Hans/assets/js/2bb30232.19e91c14.js,1276,2695,3353
mobile-zh-cpu4,logic,B,/zh-Hans/assets/js/f61adf7a.de423588.js,1357,2695,3356
mobile-zh-cpu4,logic,B,/zh-Hans/assets/js/d75e0885.0fd85f08.js,1254,2695,3360
mobile-zh-cpu4,logic,B,/zh-Hans/assets/js/b16b89bc.fe1b459d.js,1316,2695,3367
mobile-zh-cpu4,logic,B,/zh-Hans/assets/js/e10df803.5ff8e42c.js,1288,2697,3371
mobile-zh-cpu4,logic,B,/zh-Hans/assets/js/8a8c04f1.0a481886.js,1312,2698,3379
mobile-zh-cpu4,logic,B,/zh-Hans/assets/js/98aa3b14.d4d2fe8b.js,1304,2698,3384
mobile-zh-cpu4,logic,B,/zh-Hans/assets/js/78fcb039.34ad0d61.js,1307,2698,3390
mobile-zh-cpu4,logic,B,/zh-Hans/assets/js/10e1d188.5b51dd0b.js,1250,2698,3388
mobile-zh-cpu4,logic,B,/zh-Hans/assets/js/8d789909.32604fdf.js,1285,2701,3398
mobile-zh-cpu4,logic,B,/zh-Hans/assets/js/50f95c55.aa46c70c.js,1474,2701,3401
mobile-zh-cpu4,logic,B,/zh-Hans/assets/js/f43d9d49.20df7617.js,1480,2702,3411
mobile-zh-cpu4,logic,B,/zh-Hans/assets/js/43a8d774.a915d5e2.js,1295,2703,3416
mobile-zh-cpu4,logic,B,/zh-Hans/assets/js/7b25f8c6.33ad05c2.js,1308,2703,3421
mobile-zh-cpu4,logic,B,/zh-Hans/assets/js/9f988edf.bab5f6e5.js,1618,2704,3424
mobile-zh-cpu4,logic,B,/zh-Hans/assets/js/bc639700.861ecef1.js,1289,2704,3433
mobile-zh-cpu4,logic,B,/zh-Hans/assets/js/31a7ce28.f05f3468.js,1267,2704,3436
mobile-zh-cpu4,logic,B,/zh-Hans/assets/js/4d362dc9.9ae86880.js,1344,2704,3445
mobile-zh-cpu4,logic,B,/zh-Hans/assets/js/998f750d.b05f1f63.js,1326,2704,3450
mobile-zh-cpu4,logic,B,/zh-Hans/assets/js/03b6516c.547700f8.js,1252,2707,3448
mobile-zh-cpu4,logic,B,/zh-Hans/assets/js/2abf232f.fa37307a.js,1385,2708,3459
mobile-zh-cpu4,logic,B,/zh-Hans/assets/js/db5ef009.474dfa45.js,1427,2708,3462
mobile-zh-cpu4,logic,B,/zh-Hans/assets/js/1e3f9552.3b331d4f.js,1302,2709,3468
mobile-zh-cpu4,logic,B,/zh-Hans/assets/js/58cc6580.8e92027c.js,1558,2710,3479
mobile-zh-cpu4,logic,B,/zh-Hans/assets/js/9a8c4f9e.a3ead029.js,1398,2710,3482
mobile-zh-cpu4,logic,B,/zh-Hans/assets/js/5aac87be.9a72d46e.js,1319,2711,3484
mobile-zh-cpu4,logic,B,/zh-Hans/assets/js/19d07ec2.926fad60.js,1322,2712,3497
mobile-zh-cpu4,logic,B,/zh-Hans/assets/js/f6a35985.c774a57d.js,1281,2712,3499
mobile-zh-cpu4,logic,B,/zh-Hans/assets/js/6f85f1ad.24452ac7.js,1299,2712,3502
mobile-zh-cpu4,logic,B,/zh-Hans/assets/js/06d0b49b.ae8d25e7.js,1252,2712,3505
mobile-zh-cpu4,logic,B,/zh-Hans/assets/js/8c11af3e.10107cf7.js,1268,2712,3513
mobile-zh-cpu4,logic,B,/zh-Hans/assets/js/056d4c08.de55e9cd.js,1348,2712,3516
mobile-zh-cpu4,logic,B,/zh-Hans/assets/js/be23560f.bf6596d8.js,1389,2712,3525
mobile-zh-cpu4,logic,B,/zh-Hans/assets/js/0c8b6c4b.ca4607d3.js,1364,2713,3527
mobile-zh-cpu4,logic,B,/zh-Hans/assets/js/95109c98.bb3be231.js,1381,2713,3542
mobile-zh-cpu4,logic,B,/zh-Hans/assets/js/b2e9a461.53f0937b.js,1436,2713,3545
mobile-zh-cpu4,logic,B,/zh-Hans/assets/js/5e4675fa.e2e31348.js,1322,2713,3547
mobile-zh-cpu4,logic,B,/zh-Hans/assets/js/3488eb7b.024a204f.js,1365,2713,3550
mobile-zh-cpu4,logic,B,/zh-Hans/assets/js/4e83aca2.5047f972.js,1388,2713,3559
mobile-zh-cpu4,logic,B,/zh-Hans/assets/js/b0b4ec7d.253b2501.js,1225,2713,3557
mobile-zh-cpu4,logic,B,/zh-Hans/assets/js/897ab908.869bc4b8.js,1377,2713,3567
mobile-zh-cpu4,logic,B,/zh-Hans/assets/js/c62197ec.174c862f.js,1308,2714,3580
mobile-zh-cpu4,logic,B,/zh-Hans/assets/js/df9119bb.d19de177.js,1269,2714,3582
mobile-zh-cpu4,logic,B,/zh-Hans/assets/js/0f48f00c.c3c4afce.js,2116,2714,3585
mobile-zh-cpu4,logic,B,/zh-Hans/assets/js/9ddbd9d0.048be33c.js,1374,2714,3596
mobile-zh-cpu4,logic,B,/zh-Hans/assets/js/0740f902.887b0938.js,1346,2715,3599
mobile-zh-cpu4,logic,B,/zh-Hans/assets/js/d2cfe8d9.6a6f98db.js,1263,2715,3602
mobile-zh-cpu4,logic,B,/zh-Hans/assets/js/9b223487.a69d695e.js,1206,2715,3605
mobile-zh-cpu4,logic,B,/zh-Hans/assets/js/73eb2f99.092584e8.js,1312,2715,3614
mobile-zh-cpu4,logic,B,/zh-Hans/assets/js/bf0fb1d5.a3a14eb5.js,1310,2715,3616
mobile-zh-cpu4,logic,B,/zh-Hans/assets/js/186342f8.4468bd70.js,1296,2715,3622
mobile-zh-cpu4,logic,B,/zh-Hans/assets/js/0d5e7a04.1354d315.js,1298,2715,3630
mobile-zh-cpu4,logic,B,/zh-Hans/assets/js/1067966e.ec004e1f.js,1746,2715,3636
mobile-zh-cpu4,logic,B,/zh-Hans/assets/js/3f0e8ad9.07e8306d.js,1369,2716,3639
mobile-zh-cpu4,logic,B,/zh-Hans/assets/js/7e6c2622.a40a671a.js,1328,2716,3651
mobile-zh-cpu4,logic,B,/zh-Hans/assets/js/97e6fc44.84946278.js,1339,2716,3653
mobile-zh-cpu4,logic,B,/zh-Hans/assets/js/aded9f52.5d33c435.js,1387,2716,3657
mobile-zh-cpu4,logic,B,/zh-Hans/assets/js/bb3dfddb.ad0c3298.js,1389,2716,3668
mobile-zh-cpu4,logic,B,/zh-Hans/assets/js/6b7ca204.5722d742.js,1342,2716,3671
mobile-zh-cpu4,logic,B,/zh-Hans/assets/js/d4562f76.714d3c53.js,1504,2716,3674
mobile-zh-cpu4,logic,B,/zh-Hans/assets/js/4b970ea1.85caec82.js,1422,2717,3685
mobile-zh-cpu4,logic,B,/zh-Hans/assets/js/ae46f6e7.fd228445.js,1286,2720,3688
mobile-zh-cpu4,logic,B,/zh-Hans/assets/js/c35dbcd9.3845ed9a.js,1284,2721,3691
mobile-zh-cpu4,logic,B,/zh-Hans/assets/js/ebfa4c7e.d06263a7.js,1317,2721,3700
mobile-zh-cpu4,logic,B,/zh-Hans/assets/js/8e6f6dbf.6d9ae73e.js,1424,2722,3705
mobile-zh-cpu4,logic,B,/zh-Hans/assets/js/f17b6b44.c197ecca.js,1437,2723,3708
mobile-zh-cpu4,logic,B,/zh-Hans/assets/js/d5317537.84ee331d.js,1582,2723,3717
mobile-zh-cpu4,logic,B,/zh-Hans/assets/js/be3a94bc.329d2eec.js,1397,2724,3723
mobile-zh-cpu4,logic,B,/zh-Hans/assets/js/d916f95c.a6494620.js,1621,2724,3726
mobile-zh-cpu4,logic,B,/zh-Hans/assets/js/8ad1daeb.f90366ac.js,1537,2724,3733
mobile-zh-cpu4,logic,B,/zh-Hans/assets/js/f2c12d88.e731d871.js,1374,2724,3739
mobile-zh-cpu4,logic,B,/zh-Hans/assets/js/7e79c49a.03b35203.js,1331,2724,3742
mobile-zh-cpu4,logic,B,/zh-Hans/assets/js/41df52d9.c8277eca.js,1289,2724,3754
mobile-zh-cpu4,logic,B,/zh-Hans/assets/js/55c6d50b.06f3c18b.js,1306,2724,3757
mobile-zh-cpu4,logic,B,/zh-Hans/assets/js/b42abfab.818fb352.js,1324,2725,3760
mobile-zh-cpu4,logic,B,/zh-Hans/assets/js/8854639a.26d73814.js,1340,2725,3768
mobile-zh-cpu4,logic,B,/zh-Hans/assets/js/2626ded7.175acced.js,1391,2725,3774
mobile-zh-cpu4,logic,B,/zh-Hans/assets/js/381ee3ae.79eb20e1.js,1437,2725,3777
mobile-zh-cpu4,logic,B,/zh-Hans/assets/js/aa634c0a.a591756e.js,1245,2725,3782
mobile-zh-cpu4,logic,B,/zh-Hans/assets/js/8f1e6d33.6fb5bf68.js,1405,2726,3789
mobile-zh-cpu4,logic,B,/zh-Hans/assets/js/8cb5d721.61d40f4e.js,1334,2726,3791
mobile-zh-cpu4,logic,B,/zh-Hans/assets/js/c7b964fc.fc33ef29.js,1461,2726,3797
mobile-zh-cpu4,logic,B,/zh-Hans/assets/js/208a8bb3.ce8825e9.js,1268,2726,3805
mobile-zh-cpu4,logic,B,/zh-Hans/assets/js/bfa71dc8.6fe38082.js,1271,2726,3811
mobile-zh-cpu4,logic,B,/zh-Hans/assets/js/08765e37.0a0e5a4d.js,233,2726,3809
mobile-zh-cpu4,logic,B,/zh-Hans/assets/js/5e95c892.a0cebb3b.js,270,2728,3815
mobile-zh-cpu4,logic,B,/zh-Hans/assets/js/aba21aa0.97e29771.js,164,2728,3817
mobile-zh-cpu4,logic,B,/zh-Hans/assets/js/a7bd4aaa.148231b3.js,394,2728,3820
mobile-zh-cpu4,logic,B,/zh-Hans/assets/js/eceef310.4b166d4c.js,32397,2728,4091
mobile-zh-cpu4,logic,B,/zh-Hans/assets/js/a94703ab.23f5948f.js,570,2728,3834
mobile-zh-cpu4,logic,B,/zh-Hans/assets/js/17896441.2c755304.js,18385,2735,4008
mobile-zh-cpu4,logic,B,/zh-Hans/assets/js/88a1aa13.983561e3.js,4560,2736,3891
mobile-zh-cpu4,logic,B,/zh-Hans/assets/js/594d4304.8a79d52b.js,10752,2750,3951
mobile-zh-cpu4,logic,B,/zh-Hans/assets/js/9f30915f.d736a5de.js,7260,2761,3931
mobile-zh-cpu4,logic,B,/zh-Hans/assets/js/63fb9b7a.1a7c217a.js,4183,2771,3902
mobile-zh-cpu4,logic,B,/zh-Hans/img/favicon.ico,0,3142,3143
mobile-zh-cpu4,logic,B,/zh-Hans/assets/js/f4aa1a31.22780b11.js,6865,3232,3980
mobile-zh-cpu4,logic,B,/zh-Hans/assets/js/14eb3368.9bbe3ca8.js,3879,3256,3968
mobile-zh-cpu4,logic,B,/zh-Hans/assets/js/4e508a60.80d2160c.js,332,3257,3966
mobile-zh-cpu4,logic,B,/zh-Hans/assets/js/9af693e9.ffba15bc.js,47332,3270,4397
mobile-zh-cpu4,logic,B,/zh-Hans/assets/js/d500a2b7.2e68933d.js,5067,3290,4040
mobile-zh-cpu4,logic,B,/zh-Hans/assets/js/bd59fe8c.71267004.js,2948,3309,4034
mobile-zh-cpu4,logic,B,/zh-Hans/assets/js/86018bb3.969dd292.js,2161,3322,4032
mobile-zh-cpu4,logic,B,/zh-Hans/assets/js/ef2fb0b9.b8a93503.js,17624,3336,4197
mobile-zh-cpu4,logic,B,/zh-Hans/assets/js/bc8a1f89.33904a21.js,17706,3352,4223
mobile-zh-cpu4,logic,B,/zh-Hans/assets/js/430bb3bc.0b49b0ae.js,3260,3369,4102
mobile-zh-cpu4,logic,B,/zh-Hans/assets/js/2c453a6f.990415e0.js,2619,3387,4094
mobile-zh-cpu4,logic,B,/zh-Hans/assets/js/4d3a398a.bfe5bc9f.js,20335,3402,4308
mobile-zh-cpu4,logic,B,/zh-Hans/assets/js/dc4957c6.7e661032.js,3241,3414,4163
mobile-zh-cpu4,logic,B,/zh-Hans/assets/js/cc6516cc.86222b0f.js,2300,3427,4249
mobile-zh-cpu4,logic,B,/zh-Hans/assets/js/74fd49bc.ebdbd4f5.js,27217,3439,4440
mobile-zh-cpu4,logic,B,/zh-Hans/assets/js/86b5cc6d.9f143e93.js,357,3455,4267
mobile-zh-cpu4,logic,B,/zh-Hans/assets/js/14f6f289.49fed619.js,16023,3469,4404
mobile-zh-cpu4,logic,B,/zh-Hans/assets/js/1142.7aeffaad.js,111452,4092,4581
mobile-zh-cpu4,logic,B,/zh-Hans/assets/js/56506.f5b1edbc.js,107,4094,4200
mobile-zh-cpu4,logic,B,/zh-Hans/assets/js/56552.0c921019.js,107,4095,4232
